Workbook

Sheet INFO
A1: HOJA | B1: NOMBRE | C1: CONTENIDO | D1: ¿COMPLETADA? | E1: DESCRIPCIÓN | F1: LEYENDA COLORES | G1: LEYENDA ACRÓNIMOS
A2: Hoja 1 | B2: P_violacea_Spain_Med | C2: Datos generales | D2: SI | E2: Hoja con todos los datos en "bruto" de las ocurrencias de rayas pelágicas. Es importante mantener el formato de todos los datos, para que las otras hojas puedan registrar correctamente los datos | F2: Azul claro (datos de los registros), azul oscuro (anchura disco), naranja (estado encuentro), granate (presencia heridas), verde (sexo individuos), amarillo (edad individuos), rosa (comportamientos observados) | G2: Inds (Número de individuos), nd (no determinado), M (machos), H (hembras), Juv (juveniles), New (recién nacidos), Emb (embriones), DW (anchura de disco), Algo. Int. ("algo interesante"), Posible Emb (embarazo), Agreg (agregaciones), Alimen (alimentación), Rep (repetido). En comportamientos: 0=ausencia; 1=presencia
A3: Hoja 2 | B3: P_violacea_Heridas | C3: Datos heridas | D3: NO | E3: Hoja que recopila datos sobre los individuos que SI y NO tienen heridas, también tiene información y detalles sobre las heridas de los confirmados (conteos según ubicación, estado cicatrices, presencia de simetría etc) | F3: Azul claro (datos de los registros), azul oscuro (anchura disco), naranja (estado encuentro), granate (presencia heridas y características), verde (sexo individuos), amarillo (edad individuos) | G3: Inds (Número de individuos), nd (no determinado), M (machos), H (hembras), Juv (juveniles), New (recién nacidos), Emb (embriones), DW (anchura de disco), Ala_izq (aleta izquierda vista aérea), Ala_drch (aleta derecha vista aérea), Estado_ctrz (cicatriz), Simetría, Obs_heridas (observaciones de las heridas)
A4: Hoja 3 | B4: Conteo_year | C4: Datos anuales | D4: SI | E4: Hoja con contabiliza el número de INDIVIDUOS de forma anual (es automática se actualiza en base a la hoja 1) | F4: Azul (invierno), verde (primavera), rojo (verano), amarillo (otoño)
A5: Hoja 4 | B5: Conteo_region | C5: Datos por regiones | D5: SI | E5: Hoja con contabiliza el número de INDIVIDUOS de según provincias y comunidades autónomas (es automática se actualiza en base a la hoja 1) | F5: Naranja (Cataluña y sus provincias), amarillo (Comunitat Valenciana y sus provincias), violeta (Región de Murcia), verde (Andalucía y sus provincias), azul (Islas Baleares), gris oscuro (Ceuta), gris claro (Melilla), rosa (nd)
A6: Hoja 5 | B6: Conteo_year_regions | C6: Datos anuales y regionales | D6: SI | E6: Hoja automática que recopila individuos a nivel regional y también anual en el Mediterráneo español | F6: Azul (invierno), verde (primavera), rojo (verano), amarillo (otoño); Naranja (Cataluña y sus provincias), amarillo (Comunitat Valenciana y sus provincias), violeta (Región de Murcia), verde (Andalucía y sus provincias), azul (Islas Baleares), gris oscuro (Ceuta), gris claro (Melilla), rosa (nd)
A7: Hoja 6 | B7: nd | C7: Datos comportamientos | D7: NO | E7: Hoja resumen recopilatoria de comportamientos de especial interés que se han observado, especialmente enfocada a indicar si hay un registro fotográfico de dicho comportamiento

Sheet P_violacea_Spain_Med
A1: ID | B1: Fecha | C1: Estación | D1: Hora | E1: Ubicación | F1: Provincia | G1: Com_Autónoma | H1: Lat | I1: Long | J1: Inds | K1: Viva | L1: Muerta | M1: nd | N1: Heridas | O1: M_sex | P1: H_sex | Q1: nd_sex | R1: Adult | S1: Juv | T1: New | U1: Emb | V1: nd | W1: DW | X1: Algo. Int. | Y1: Apareamiento | Z1: Embarazo | AA1: Posible Emb | AB1: Parto | AC1: Agreg | AD1: Descanso | AE1: Estrés | AF1: Alimen | AG1: Otros | AH1: Fuente_tipo | AI1: Fuente | AJ1: Rep | AK1: Link | AL1: Observaciones
A2: P_violacea_041 | B2: 31989 | C2: Verano | D2: nd | E2: Barcelona | F2: Barcelona | G2: Cataluña | H2: 40.9167 | I2: 2.166666 | J2: 1 | K2: 0 | L2: 1 | M2: 0 | N2: nd | O2: 0 | P2: 0 | Q2: 1 | R2: 0 | S2: 0 | T2: 0 | U2: 0 | V2: 1 | W2: nd | X2: 1 | Y2: 0 | Z2: 0 | AA2: 0 | AB2: 0 | AC2: 0 | AD2: 0 | AE2: 0 | AF2: 0 | AG2: 1 | AH2: Database | AI2: GBIF | AL2: Colección ICM y fue capturada
A3: P_violacea_378 | B3: 38586 | C3: Verano | D3: nd | E3: Vilassar de Mar | F3: Barcelona | G3: Cataluña | H3: 41.502488 | I3: 2.3951611 | J3: 1 | K3: 1 | L3: 0 | M3: 0 | N3: nd | O3: 0 | P3: 0 | Q3: 1 | R3: 0 | S3: 0 | T3: 0 | U3: 0 | V3: 1 | W3: nd | X3: 0 | Y3: 0 | Z3: 0 | AA3: 0 | AB3: 0 | AC3: 0 | AD3: 0 | AE3: 0 | AF3: 0 | AG3: 0 | AH3: Com. Pers. | AI3: Jordi Ruiz-Olmo | AK3: Jordi Ruiz-Olmo | AL3: Coords aproximadas
A4: P_violacea_379 | B4: 38925 | C4: Verano | D4: nd | E4: Castelldefels | F4: Barcelona | G4: Cataluña | H4: 41.263685 | I4: 1.9758406 | J4: 1 | K4: 1 | L4: 0 | M4: 0 | N4: nd | O4: 0 | P4: 0 | Q4: 1 | R4: 0 | S4: 0 | T4: 0 | U4: 0 | V4: 1 | W4: nd | X4: 0 | Y4: 0 | Z4: 0 | AA4: 0 | AB4: 0 | AC4: 0 | AD4: 0 | AE4: 0 | AF4: 0 | AG4: 0 | AH4: Com. Pers. | AI4: Jordi Ruiz-Olmo | AK4: Jordi Ruiz-Olmo | AL4: Coords aproximadas
A5: P_violacea_380 | B5: 39325 | C5: Verano | D5: nd | E5: Torredembarra | F5: Tarragona | G5: Cataluña | H5: 41.140554 | I5: 1.4074053 | J5: 1 | K5: 1 | L5: 0 | M5: 0 | N5: nd | O5: 0 | P5: 0 | Q5: 1 | R5: 0 | S5: 0 | T5: 0 | U5: 0 | V5: 1 | W5: nd | X5: 0 | Y5: 0 | Z5: 0 | AA5: 0 | AB5: 0 | AC5: 0 | AD5: 0 | AE5: 0 | AF5: 0 | AG5: 0 | AH5: Com. Pers. | AI5: Jordi Ruiz-Olmo | AK5: Jordi Ruiz-Olmo | AL5: Coords aproximadas
A6: P_violacea_381 | B6: 39327 | C6: Otoño | D6: nd | E6: Creixell | F6: Tarragona | G6: Cataluña | H6: 41.155801 | I6: 1.4417468 | J6: 1 | K6: 1 | L6: 0 | M6: 0 | N6: nd | O6: 0 | P6: 0 | Q6: 1 | R6: 0 | S6: 0 | T6: 0 | U6: 0 | V6: 1 | W6: nd | X6: 0 | Y6: 0 | Z6: 0 | AA6: 0 | AB6: 0 | AC6: 0 | AD6: 0 | AE6: 0 | AF6: 0 | AG6: 0 | AH6: Com. Pers. | AI6: Jordi Ruiz-Olmo | AK6: Jordi Ruiz-Olmo | AL6: Coords aproximadas
A7: P_violacea_382 | B7: 39328 | C7: Otoño | D7: nd | E7: Cubelles | F7: Barcelona | G7: Cataluña | H7: 41.200311 | I7: 1.6798339 | J7: 1 | K7: 1 | L7: 0 | M7: 0 | N7: nd | O7: 0 | P7: 0 | Q7: 1 | R7: 0 | S7: 0 | T7: 0 | U7: 0 | V7: 1 | W7: nd | X7: 0 | Y7: 0 | Z7: 0 | AA7: 0 | AB7: 0 | AC7: 0 | AD7: 0 | AE7: 0 | AF7: 0 | AG7: 0 | AH7: Com. Pers. | AI7: Jordi Ruiz-Olmo | AK7: Jordi Ruiz-Olmo | AL7: Coords aproximadas
A8: P_violacea_383 | B8: 39335 | C8: Otoño | D8: nd | E8: Cubelles | F8: Barcelona | G8: Cataluña | H8: 41.200311 | I8: 1.6798339 | J8: 1 | K8: 1 | L8: 0 | M8: 0 | N8: nd | O8: 0 | P8: 0 | Q8: 1 | R8: 0 | S8: 0 | T8: 0 | U8: 0 | V8: 1 | W8: nd | X8: 0 | Y8: 0 | Z8: 0 | AA8: 0 | AB8: 0 | AC8: 0 | AD8: 0 | AE8: 0 | AF8: 0 | AG8: 0 | AH8: Com. Pers. | AI8: Jordi Ruiz-Olmo | AK8: Jordi Ruiz-Olmo | AL8: Coords aproximadas
A9: P_violacea_014 | B9: 40668 | C9: Primavera | D9: nd | F9: Málaga | G9: Andalucía | H9: 36.3334 | I9: -4.3398 | J9: 1 | K9: 0 | L9: 1 | M9: 0 | N9: nd | O9: 0 | P9: 0 | Q9: 1 | R9: 0 | S9: 0 | T9: 0 | U9: 0 | V9: 1 | W9: nd | X9: 0 | Y9: 0 | Z9: 0 | AA9: 0 | AB9: 0 | AC9: 0 | AD9: 0 | AE9: 0 | AF9: 0 | AG9: 0 | AH9: Database | AI9: GBIF | AL9: Fixed and preserved in alcohol
A10: P_violacea_142 | B10: 40745 | C10: Verano | D10: nd | E10: San Agustín | F10: Almería | G10: Andalucía | H10: 36.672067 | I10: -2.6606359 | J10: 2 | K10: 2 | L10: 0 | M10: 0 | N10: nd | O10: 1 | P10: 1 | Q10: 0 | R10: 2 | S10: 0 | T10: 0 | U10: 0 | V10: 0 | W10: nd | X10: 1 | Y10: 1 | Z10: 0 | AA10: 0 | AB10: 0 | AC10: 0 | AD10: 0 | AE10: 0 | AF10: 0 | AG10: 0 | AH10: Database | AI10: Obsdelmar | AK10: https://www.observadoresdelmar.es/Observations/1800306 | AL10: Apareamiento
A11: P_violacea_194 | B11: 40777 | C11: Verano | D11: nd | E11: Cala de la Media Luna | F11: Almería | G11: Andalucía | H11: 36.730233 | I11: -2.1517176 | J11: 1 | K11: 1 | L11: 0 | M11: 0 | N11: No | O11: 0 | P11: 0 | Q11: 1 | R11: 1 | S11: 0 | T11: 0 | U11: 0 | V11: 0 | W11: nd | X11: 0 | Y11: 0 | Z11: 0 | AA11: 0 | AB11: 0 | AC11: 0 | AD11: 0 | AE11: 0 | AF11: 0 | AG11: 0 | AH11: Redes Sociales | AI11: YouTube | AK11: https://www.youtube.com/watch?v=wCBtYuAlgLc&ab_channel=waljalapensacola
A12: P_violacea_030 | B12: 41136 | C12: Verano | D12: nd | E12: Torrevieja | F12: Alicante | G12: Comunidad Valenciana | H12: 38.006 | I12: -0.6494 | J12: 1 | K12: 1 | L12: 0 | M12: 0 | N12: Si | O12: 0 | P12: 0 | Q12: 1 | R12: 0 | S12: 0 | T12: 1 | U12: 0 | V12: 0 | W12: nd | X12: 1 | Y12: 0 | Z12: 0 | AA12: 0 | AB12: 0 | AC12: 0 | AD12: 0 | AE12: 0 | AF12: 0 | AG12: 1 | AH12: Database | AI12: Obsdelmar | AK12: https://www.observadoresdelmar.es/Observations/213423 | AL12: Es MUY pequeño y gran herida
A13: P_violacea_384 | B13: 41149 | C13: Verano | D13: nd | E13: Castelldefels | F13: Barcelona | G13: Cataluña | H13: 41.263685 | I13: 1.9758406 | J13: 1 | K13: 1 | L13: 0 | M13: 0 | N13: nd | O13: 0 | P13: 0 | Q13: 1 | R13: 0 | S13: 0 | T13: 0 | U13: 0 | V13: 1 | W13: nd | X13: 0 | Y13: 0 | Z13: 0 | AA13: 0 | AB13: 0 | AC13: 0 | AD13: 0 | AE13: 0 | AF13: 0 | AG13: 0 | AH13: Com. Pers. | AI13: Jordi Ruiz-Olmo | AK13: Jordi Ruiz-Olmo | AL13: Coords aproximadas
A14: P_violacea_193 | B14: 41487 | C14: Verano | D14: nd | E14: Platja del Cristall | F14: Barcelona | G14: Cataluña | H14: 41.454693 | I14: 2.2606424 | J14: 1 | K14: 1 | L14: 0 | M14: 0 | N14: nd | O14: 0 | P14: 0 | Q14: 1 | R14: 0 | S14: 0 | T14: 0 | U14: 0 | V14: 1 | W14: nd | X14: 0 | Y14: 0 | Z14: 0 | AA14: 0 | AB14: 0 | AC14: 0 | AD14: 0 | AE14: 0 | AF14: 0 | AG14: 0 | AH14: Redes Sociales | AI14: YouTube | AK14: https://www.youtube.com/watch?v=Mqcgv6MKX8M&ab_channel=Marcel%C2%B7l%C3%ADMiret
A15: P_violacea_042 | B15: 41506 | C15: Verano | D15: nd | E15: Islas Columbretes | F15: Castellón | G15: Comunidad Valenciana | H15: 39.890047 | I15: 0.66895061 | J15: 1 | K15: 1 | L15: 0 | M15: 0 | N15: Si | O15: 0 | P15: 1 | Q15: 0 | R15: 1 | S15: 0 | T15: 0 | U15: 0 | V15: 0 | W15: nd | X15: 1 | Y15: 0 | Z15: 1 | AA15: 0 | AB15: 0 | AC15: 0 | AD15: 0 | AE15: 0 | AF15: 0 | AG15: 0 | AH15: Redes Sociales | AI15: YouTube | AK15: https://www.youtube.com/watch?v=FTKvVXQBYJ8 | AL15: Parece que está embarazada!
A16: P_violacea_012 | B16: 41508 | C16: Verano | D16: nd | E16: Cala Santanyí | F16: Islas Baleares | G16: Islas Baleares | H16: 39.322646 | I16: 3.1462631 | J16: 1 | K16: 0 | L16: 0 | M16: 1 | N16: No | O16: 0 | P16: 1 | Q16: 0 | R16: 1 | S16: 0 | T16: 0 | U16: 0 | V16: 0 | W16: nd | X16: 0 | Y16: 0 | Z16: 0 | AA16: 0 | AB16: 0 | AC16: 0 | AD16: 0 | AE16: 0 | AF16: 0 | AG16: 0 | AH16: Database | AI16: GBIF | AK16: https://observation.org/observation/297108565/
A17: P_violacea_025 | B17: 41509 | C17: Verano | D17: nd | E17: La Mata | F17: Alicante | G17: Comunidad Valenciana | H17: 38.0196 | I17: -0.6518 | J17: 1 | K17: 0 | L17: 1 | M17: 0 | N17: No | O17: 0 | P17: 0 | Q17: 1 | R17: 0 | S17: 1 | T17: 0 | U17: 0 | V17: 0 | W17: nd | X17: 1 | Y17: 0 | Z17: 0 | AA17: 0 | AB17: 0 | AC17: 0 | AD17: 0 | AE17: 0 | AF17: 0 | AG17: 1 | AH17: Database | AI17: Obsdelmar | AK17: https://www.observadoresdelmar.es/Observations/213424 | AL17: Se ve muy pequeño y se puede estimar tamaño
A18: P_violacea_260 | B18: 41516 | C18: Verano | D18: 0.58333333 | E18: La Malva-Rosa | F18: Valencia | G18: Comunidad Valenciana | H18: 39.477407 | I18: -0.32260827 | J18: 3 | K18: 3 | L18: 0 | M18: 0 | N18: nd | O18: 0 | P18: 1 | Q18: 2 | R18: 1 | S18: 0 | T18: 2 | U18: 0 | V18: 0 | W18: nd | X18: 1 | Y18: 0 | Z18: 0 | AA18: 0 | AB18: 1 | AC18: 0 | AD18: 0 | AE18: 0 | AF18: 0 | AG18: 0 | AH18: Prensa | AI18: Levante-EMV | AK18: https://www.levante-emv.com/valencia/2013/08/01/reabren-playas-valencia-verse-ayer-12875744.html | AL18: Las crías nacieron en el Oceanográfic (https://www.levante-emv.com/valencia/2013/08/27/nacen-crias-pez-raya-hallado-12868514.html). Las crías pesan alrededor de 150 gramos, presentan un diámetro de unos 10 centímetros y tienen su aguijón bien formado al principio de su cola de 35 centímetros. También en este vídeo (https://www.youtube.com/watch?v=MzI9cYTy06s&ab_channel=GeneralitatValenciana) mencionan que de 7 rayas pelágicas atentidas ese año (2013), 6 presentaban signos de parto y la otra pues parió ahí en cuarentena etc
A19: P_violacea_261 | B19: 41516 | C19: Verano | D19: 0.58333333 | E19: Playa del Cabanyal | F19: Valencia | G19: Comunidad Valenciana | H19: 39.468527 | I19: -0.32183886 | J19: 2 | K19: 2 | L19: 0 | M19: 0 | N19: nd | O19: 0 | P19: 0 | Q19: 2 | R19: 0 | S19: 0 | T19: 0 | U19: 0 | V19: 2 | W19: nd | X19: 0 | Y19: 0 | Z19: 0 | AA19: 0 | AB19: 0 | AC19: 0 | AD19: 0 | AE19: 0 | AF19: 0 | AG19: 0 | AH19: Prensa | AI19: Levante-EMV | AK19: https://www.levante-emv.com/valencia/2013/08/01/reabren-playas-valencia-verse-ayer-12875744.html
A20: P_violacea_403 | B20: 41842 | C20: Verano | D20: nd | E20: La Granadella | F20: Alicante | G20: Comunidad Valenciana | H20: 38.727971 | I20: 0.19870985 | J20: 1 | K20: 1 | L20: 0 | M20: 0 | N20: Si | O20: 0 | P20: 1 | Q20: 0 | R20: 1 | S20: 0 | T20: 0 | U20: 0 | V20: 0 | W20: nd | X20: 0 | Y20: 0 | Z20: 0 | AA20: 0 | AB20: 0 | AC20: 0 | AD20: 0 | AE20: 0 | AF20: 0 | AG20: 0 | AH20: Redes Sociales | AI20: Instagram | AK20: https://www.instagram.com/reel/C9ue24et6xk | AL20: Coords aproximadas
A21: P_violacea_144 | B21: 42140 | C21: Primavera | D21: nd | E21: San Agustín | F21: Almería | G21: Andalucía | H21: 36.672067 | I21: -2.6606359 | J21: 1 | K21: 1 | L21: 0 | M21: 0 | N21: Si | O21: 0 | P21: 1 | Q21: 0 | R21: 1 | S21: 0 | T21: 0 | U21: 0 | V21: 0 | W21: nd | X21: 1 | Y21: 0 | Z21: 0 | AA21: 1 | AB21: 0 | AC21: 0 | AD21: 0 | AE21: 0 | AF21: 0 | AG21: 0 | AH21: Database | AI21: Obsdelmar | AK21: https://www.observadoresdelmar.es/Observations/1800301 | AL21: Parece que está embarazada!
A22: P_violacea_031 | B22: 42159 | C22: Verano | D22: nd | E22: Torrevieja | F22: Alicante | G22: Comunidad Valenciana | H22: 37.9854 | I22: -0.6054 | J22: 1 | K22: 0 | L22: 1 | M22: 0 | N22: Si | O22: 0 | P22: 0 | Q22: 1 | R22: 1 | S22: 0 | T22: 0 | U22: 0 | V22: 0 | W22: nd | X22: 1 | Y22: 0 | Z22: 0 | AA22: 0 | AB22: 0 | AC22: 0 | AD22: 0 | AE22: 0 | AF22: 0 | AG22: 0 | AH22: Database | AI22: Obsdelmar | AK22: https://marineinfo.org/id/dataset/6526 | AL22: Tamaño estimado 70-80 cm<br /> Peso estimado 20 kg,Hola J. Antonio, muchas gracias por tu observación. Esta es una especie muy interesante, de la cual no hay muchos reportes en estas costas, si puedes enviarme más fotos estaría muy bien, saludos
A23: P_violacea_019 | B23: 42385 | C23: Invierno | D23: 0.86041667 | F23: Islas Baleares | G23: Islas Baleares | H23: 38.632002 | I23: 0.78201 | J23: 1 | K23: 1 | L23: 0 | M23: 0 | N23: No | O23: 0 | P23: 0 | Q23: 1 | R23: 0 | S23: 0 | T23: 0 | U23: 0 | V23: 1 | W23: nd | X23: 1 | Y23: 0 | Z23: 0 | AA23: 0 | AB23: 0 | AC23: 0 | AD23: 0 | AE23: 0 | AF23: 0 | AG23: 0 | AH23: Database | AI23: GBIF
A24: P_violacea_395 | B24: 42385 | C24: Invierno | D24: nd | E24: Calpe | F24: Alicante | G24: Comunidad Valenciana | H24: 38.631685 | I24: 0.07743468 | J24: 1 | K24: 1 | L24: 0 | M24: 0 | N24: No | O24: 0 | P24: 1 | Q24: 0 | R24: 1 | S24: 0 | T24: 0 | U24: 0 | V24: 0 | W24: nd | X24: 1 | Y24: 0 | Z24: 0 | AA24: 0 | AB24: 0 | AC24: 0 | AD24: 1 | AE24: 0 | AF24: 0 | AG24: 0 | AH24: Database | AI24: iNaturalist | AK24: https://www.inaturalist.org/observations/120705686 | AL24: Descansando sobre el fondo
A25: P_violacea_184 | B25: 42506 | C25: Primavera | D25: nd | E25: Palma | F25: Islas Baleares | G25: Islas Baleares | H25: 39.500224 | I25: 2.66087 | J25: 1 | K25: 1 | L25: 0 | M25: 0 | N25: No | O25: 1 | P25: 0 | Q25: 0 | R25: 1 | S25: 0 | T25: 0 | U25: 0 | V25: 0 | W25: nd | X25: 0 | Y25: 0 | Z25: 0 | AA25: 0 | AB25: 0 | AC25: 0 | AD25: 0 | AE25: 0 | AF25: 0 | AG25: 0 | AH25: Redes Sociales | AI25: YouTube | AK25: https://www.youtube.com/watch?v=fv0huisSrTQ&ab_channel=pacov. | AL25: Coords aproximadas
A26: P_violacea_043 | B26: 42573 | C26: Verano | D26: nd | E26: Enix | F26: Almería | G26: Andalucía | H26: 36.817942 | I26: -2.5332835 | J26: 2 | K26: 2 | L26: 0 | M26: 0 | N26: No | O26: 1 | P26: 1 | Q26: 0 | R26: 2 | S26: 0 | T26: 0 | U26: 0 | V26: 0 | W26: nd | X26: 1 | Y26: 1 | Z26: 0 | AA26: 0 | AB26: 0 | AC26: 0 | AD26: 0 | AE26: 0 | AF26: 0 | AG26: 0 | AH26: Redes Sociales | AI26: Vimeo | AK26: https://vimeo.com/175886064 | AL26: Apareamiento
A27: P_violacea_044 | B27: 42581 | C27: Verano | D27: nd | E27: Moraira | F27: Alicante | G27: Comunidad Valenciana | H27: 38.685822 | I27: 0.15444061 | J27: 1 | K27: 1 | L27: 0 | M27: 0 | N27: Si | O27: 0 | P27: 1 | Q27: 0 | R27: 1 | S27: 0 | T27: 0 | U27: 0 | V27: 0 | W27: nd | X27: 1 | Y27: 0 | Z27: 1 | AA27: 0 | AB27: 0 | AC27: 0 | AD27: 0 | AE27: 0 | AF27: 0 | AG27: 0 | AH27: Redes Sociales | AI27: Facebook | AK27: www.facebook.com/L.Elasmogrup/posts/542435975957971 | AL27: Embarazada
A28: P_violacea_045 | B28: 42581 | C28: Verano | D28: nd | E28: Santa Margalida | F28: Islas Baleares | G28: Islas Baleares | H28: 39.776234 | I28: 3.1497189 | J28: 1 | K28: 1 | L28: 0 | M28: 0 | N28: No | O28: 0 | P28: 0 | Q28: 1 | R28: 1 | S28: 0 | T28: 0 | U28: 0 | V28: 0 | W28: nd | X28: 0 | Y28: 0 | Z28: 0 | AA28: 0 | AB28: 0 | AC28: 0 | AD28: 0 | AE28: 0 | AF28: 0 | AG28: 0 | AH28: Redes Sociales | AI28: Twitter | AK28: https://twitter.com/irenina14/status/759349778249572352 | AL28: En playa y fue reorientada
A29: P_violacea_046 | B29: 42587 | C29: Verano | D29: nd | E29: Punta Prima | F29: Islas Baleares | G29: Islas Baleares | H29: 39.812592 | I29: 4.2835301 | J29: 1 | K29: 0 | L29: 0 | M29: 1 | N29: nd | O29: 0 | P29: 0 | Q29: 1 | R29: 0 | S29: 0 | T29: 0 | U29: 0 | V29: 1 | W29: nd | X29: 0 | Y29: 0 | Z29: 0 | AA29: 0 | AB29: 0 | AC29: 0 | AD29: 0 | AE29: 0 | AF29: 0 | AG29: 0 | AH29: Redes Sociales | AI29: Twitter | AK29: https://twitter.com/tomeumir78/status/761594642739716097 | AL29: Página no existe ya
A30: P_violacea_047 | B30: 42590 | C30: Verano | D30: nd | E30: Barcelona | F30: Barcelona | G30: Cataluña | H30: 41.378808 | I30: 2.1949402 | J30: 1 | K30: 1 | L30: 0 | M30: 0 | N30: No | O30: 0 | P30: 1 | Q30: 0 | R30: 1 | S30: 0 | T30: 0 | U30: 0 | V30: 0 | W30: nd | X30: 0 | Y30: 0 | Z30: 0 | AA30: 0 | AB30: 0 | AC30: 0 | AD30: 0 | AE30: 0 | AF30: 0 | AG30: 0 | AH30: Redes Sociales | AI30: Twitter | AK30: https://twitter.com/rtvenoticies/status/762408730164072448
A31: P_violacea_172 | B31: 42592 | C31: Verano | D31: nd | E31: Xàbia | F31: Alicante | G31: Comunidad Valenciana | H31: 38.818372 | I31: 0.17623412 | J31: 1 | K31: 1 | L31: 0 | M31: 0 | N31: Si | O31: 0 | P31: 0 | Q31: 1 | R31: 0 | S31: 0 | T31: 0 | U31: 0 | V31: 1 | W31: nd | X31: 0 | Y31: 0 | Z31: 0 | AA31: 0 | AB31: 0 | AC31: 0 | AD31: 0 | AE31: 0 | AF31: 0 | AG31: 0 | AH31: Redes Sociales | AI31: Facebook | AK31: https://www.facebook.com/watch/?v=989793194453155&rdid=gyZOVCdabON18HiS
A32: P_violacea_028 | B32: 42595 | C32: Verano | D32: nd | E32: Sa Tuna | F32: Girona | G32: Cataluña | H32: 41.9601 | I32: 3.2315 | J32: 1 | K32: 1 | L32: 0 | M32: 0 | N32: Si | O32: 0 | P32: 1 | Q32: 0 | R32: 1 | S32: 0 | T32: 0 | U32: 0 | V32: 0 | W32: nd | X32: 0 | Y32: 0 | Z32: 0 | AA32: 0 | AB32: 0 | AC32: 0 | AD32: 0 | AE32: 0 | AF32: 0 | AG32: 0 | AH32: Database | AI32: Obsdelmar | AK32: https://www.observadoresdelmar.es/Observations/206216 | AL32: Tengo alguna foto más. No estoy al 100% seguro de que sea esta especie,Muchas gracias Juan! He validado la especie en base a las otras fotos que me mandaste. Tu observación ha sido fundamental para poder confirmar la presencia de esta especie en la Costa Brava: este es el principal valor de "Observadores del mar"! Confirmaría que esta especie se ha dejado ver mucho más al norte y mucho más frecuentemente que nunca en aguas litorales del Mediterráneo noroccidental.
A33: P_violacea_040 | B33: 42596 | C33: Verano | D33: 0.90277778 | E33: Islas Columbretes | F33: Castellón | G33: Comunidad Valenciana | H33: 39.881657 | I33: 0.672749 | J33: 1 | K33: 1 | L33: 0 | M33: 0 | N33: Si | O33: 0 | P33: 1 | Q33: 0 | R33: 1 | S33: 0 | T33: 0 | U33: 0 | V33: 0 | W33: nd | X33: 0 | Y33: 0 | Z33: 0 | AA33: 0 | AB33: 0 | AC33: 0 | AD33: 0 | AE33: 0 | AF33: 0 | AG33: 0 | AH33: Database | AI33: GBIF | AK33: https://www.inaturalist.org/observations/3968440
A34: P_violacea_126 | B34: 42617 | C34: Verano | D34: nd | E34: Badalona | F34: Barcelona | G34: Cataluña | H34: 41.440147 | I34: 2.2472849 | J34: 1 | K34: 1 | L34: 0 | M34: 0 | N34: Si | O34: 0 | P34: 1 | Q34: 0 | R34: 0 | S34: 0 | T34: 0 | U34: 0 | V34: 1 | W34: nd | X34: 1 | Y34: 0 | Z34: 0 | AA34: 1 | AB34: 0 | AC34: 0 | AD34: 0 | AE34: 0 | AF34: 0 | AG34: 0 | AH34: Redes Sociales | AI34: Instagram | AK34: https://www.instagram.com/p/BJ8FsLhgrEC/ | AL34: Tiene la región dorsal así como "hinchada"
A35: P_violacea_048 | B35: 42622 | C35: Verano | D35: nd | E35: Motril | F35: Granada | G35: Andalucía | H35: 36.717912 | I35: -3.5415474 | J35: 3 | K35: 0 | L35: 3 | M35: 0 | N35: nd | O35: 0 | P35: 1 | Q35: 2 | R35: 1 | S35: 0 | T35: 2 | U35: 0 | V35: 0 | W35: nd | X35: 1 | Y35: 0 | Z35: 0 | AA35: 0 | AB35: 1 | AC35: 0 | AD35: 0 | AE35: 0 | AF35: 0 | AG35: 0 | AH35: Redes Sociales | AI35: Twitter | AK35: https://twitter.com/losMotriles/status/774338161153568768 | AL35: Dando luz en playa a 2 crías!
A36: P_violacea_237 | B36: 42912 | C36: Verano | D36: nd | E36: El Garraf | F36: Barcelona | G36: Cataluña | H36: 41.198395 | I36: 1.9231849 | J36: 1 | K36: 1 | L36: 0 | M36: 0 | N36: No | O36: 0 | P36: 1 | Q36: 0 | R36: 1 | S36: 0 | T36: 0 | U36: 0 | V36: 0 | W36: nd | X36: 0 | Y36: 0 | Z36: 0 | AA36: 0 | AB36: 0 | AC36: 0 | AD36: 0 | AE36: 0 | AF36: 0 | AG36: 0 | AH36: Redes Sociales | AI36: Instagram | AK36: https://www.instagram.com/p/BVz9nP8FeiZ/ | AL36: Coords aproximadas
A37: P_violacea_037 | B37: 42917 | C37: Verano | D37: 0.37083333 | E37: Cala Montjoi | F37: Girona | G37: Cataluña | H37: 42.249115 | I37: 3.227598 | J37: 1 | K37: 1 | L37: 0 | M37: 0 | N37: Si | O37: 0 | P37: 0 | Q37: 1 | R37: 0 | S37: 0 | T37: 0 | U37: 0 | V37: 1 | W37: nd | X37: 1 | Y37: 0 | Z37: 0 | AA37: 1 | AB37: 0 | AC37: 0 | AD37: 0 | AE37: 0 | AF37: 0 | AG37: 0 | AH37: Database | AI37: GBIF | AK37: https://www.inaturalist.org/observations/90363596 | AL37: Tiene la región dorsal como "hinchada"
A38: P_violacea_049 | B38: 42949 | C38: Verano | D38: nd | E38: Valencia | F38: Valencia | G38: Comunidad Valenciana | J38: 1 | K38: 0 | L38: 0 | M38: 1 | N38: nd | O38: 0 | P38: 0 | Q38: 1 | R38: 0 | S38: 0 | T38: 0 | U38: 0 | V38: 1 | W38: nd | X38: 0 | Y38: 0 | Z38: 0 | AA38: 0 | AB38: 0 | AC38: 0 | AD38: 0 | AE38: 0 | AF38: 0 | AG38: 0 | AH38: Redes Sociales | AI38: Instagram | AK38: www.instagram.com/p/BXSTZaJg_4N | AL38: Coord imp, cuanta ya no existe. Pesca
A39: P_violacea_459 | B39: 42959 | C39: Verano | D39: 0.79166667 | E39: Isla de Cabrera, Es Fondalet | F39: Islas Baleares | G39: Islas Baleares | H39: 39.165367 | I39: 2.9474028 | J39: 1 | K39: 1 | L39: 0 | M39: 0 | N39: No | O39: 0 | P39: 1 | Q39: 0 | R39: 1 | S39: 0 | T39: 0 | U39: 0 | V39: 0 | W39: nd | X39: 1 | Y39: 0 | Z39: 0 | AA39: 1 | AB39: 0 | AC39: 0 | AD39: 0 | AE39: 0 | AF39: 0 | AG39: 0 | AH39: Database | AI39: iNaturalist | AK39: https://www.inaturalist.org/observations/317348920 | AL39: Parece tener región dorsal hinchado (quizás embarazada)
A40: P_violacea_050 | B40: 42963 | C40: Verano | D40: nd | E40: Caldas de Estrach | F40: Barcelona | G40: Cataluña | H40: 41.566685 | I40: 2.5254423 | J40: 1 | K40: 1 | L40: 0 | M40: 0 | N40: Si | O40: 0 | P40: 0 | Q40: 1 | R40: 0 | S40: 0 | T40: 0 | U40: 0 | V40: 1 | W40: nd | X40: 1 | Y40: 0 | Z40: 0 | AA40: 0 | AB40: 0 | AC40: 0 | AD40: 0 | AE40: 1 | AF40: 0 | AG40: 1 | AH40: Redes Sociales | AI40: Instagram | AK40: https://www.instagram.com/p/BX21NNjBey0/ | AL40: Cola pelada y parece mostrar estrés al "comprimir" el disco o es la sensación que da. Movimientos erráticos y varamientos en playa
A41: P_violacea_158 | B41: 42976 | C41: Verano | D41: nd | F41: Islas Baleares | G41: Islas Baleares | H41: 40.038298 | I41: 3.3939458 | J41: 1 | K41: 0 | L41: 1 | M41: 0 | N41: No | O41: 1 | P41: 0 | Q41: 0 | R41: 0 | S41: 1 | T41: 0 | U41: 0 | V41: 0 | W41: nd | X41: 1 | Y41: 0 | Z41: 0 | AA41: 0 | AB41: 0 | AC41: 0 | AD41: 0 | AE41: 0 | AF41: 0 | AG41: 1 | AH41: Database | AI41: Obsdelmar | AK41: https://www.observadoresdelmar.es/Observations/1800133 | AL41: Parece juvenil. Capturada
A42: P_violacea_290 | B42: 43205 | C42: Primavera | D42: nd | F42: Tarragona | G42: Cataluña | H42: 40.979383 | I42: 1.3636 | J42: 6 | K42: 0 | L42: 6 | M42: 0 | N42: nd | O42: 0 | P42: 0 | Q42: 6 | R42: 6 | S42: 0 | T42: 0 | U42: 0 | V42: 0 | W42: nd | X42: 0 | Y42: 0 | Z42: 0 | AA42: 0 | AB42: 0 | AC42: 0 | AD42: 0 | AE42: 0 | AF42: 0 | AG42: 0 | AH42: Artículo | AI42: Vigo et al., 2024 | AK42: https://doi.org/10.1016/j.marenvres.2024.106651 | AL42: Pesca palangre. DW = 51.83 ± 4.39 (verano) 49.20 ± 3.98 (otoño)
A43: P_violacea_291 | B43: 43213 | C43: Primavera | D43: nd | F43: Tarragona | G43: Cataluña | H43: 40.931617 | I43: 1.31585 | J43: 8 | K43: 0 | L43: 8 | M43: 0 | N43: nd | O43: 0 | P43: 0 | Q43: 8 | R43: 8 | S43: 0 | T43: 0 | U43: 0 | V43: 0 | W43: nd | X43: 0 | Y43: 0 | Z43: 0 | AA43: 0 | AB43: 0 | AC43: 0 | AD43: 0 | AE43: 0 | AF43: 0 | AG43: 0 | AH43: Artículo | AI43: Vigo et al., 2024 | AK43: https://doi.org/10.1016/j.marenvres.2024.106651 | AL43: Pesca palangre. DW = 51.83 ± 4.39 (verano) 49.20 ± 3.98 (otoño)
A44: P_violacea_292 | B44: 43217 | C44: Primavera | D44: nd | F44: Tarragona | G44: Cataluña | H44: 40.92085 | I44: 1.30045 | J44: 8 | K44: 0 | L44: 8 | M44: 0 | N44: nd | O44: 0 | P44: 0 | Q44: 8 | R44: 8 | S44: 0 | T44: 0 | U44: 0 | V44: 0 | W44: nd | X44: 0 | Y44: 0 | Z44: 0 | AA44: 0 | AB44: 0 | AC44: 0 | AD44: 0 | AE44: 0 | AF44: 0 | AG44: 0 | AH44: Artículo | AI44: Vigo et al., 2024 | AK44: https://doi.org/10.1016/j.marenvres.2024.106651 | AL44: Pesca palangre. DW = 51.83 ± 4.39 (verano) 49.20 ± 3.98 (otoño)
A45: P_violacea_293 | B45: 43221 | C45: Primavera | D45: nd | F45: Tarragona | G45: Cataluña | H45: 40.94745 | I45: 1.3103333 | J45: 8 | K45: 0 | L45: 8 | M45: 0 | N45: nd | O45: 0 | P45: 0 | Q45: 8 | R45: 8 | S45: 0 | T45: 0 | U45: 0 | V45: 0 | W45: nd | X45: 0 | Y45: 0 | Z45: 0 | AA45: 0 | AB45: 0 | AC45: 0 | AD45: 0 | AE45: 0 | AF45: 0 | AG45: 0 | AH45: Artículo | AI45: Vigo et al., 2024 | AK45: https://doi.org/10.1016/j.marenvres.2024.106651 | AL45: Pesca palangre. DW = 51.83 ± 4.39 (verano) 49.20 ± 3.98 (otoño)
A46: P_violacea_051 | B46: 43224 | C46: Primavera | D46: nd | E46: Cabo de Gata | F46: Almería | G46: Andalucía | H46: 36.774948 | I46: -2.2417495 | J46: 1 | K46: 0 | L46: 0 | M46: 1 | N46: nd | O46: 0 | P46: 0 | Q46: 1 | R46: 0 | S46: 0 | T46: 0 | U46: 0 | V46: 1 | W46: nd | X46: 0 | Y46: 0 | Z46: 0 | AA46: 0 | AB46: 0 | AC46: 0 | AD46: 0 | AE46: 0 | AF46: 0 | AG46: 0 | AH46: Redes Sociales | AI46: Instagram | AK46: www.instagram.com/p/BmBjT8iHfnH | AL46: Cuenta privada
A47: P_violacea_052 | B47: 43225 | C47: Primavera | D47: nd | E47: Playa Arrabassada | F47: Tarragona | G47: Cataluña | H47: 41.118889 | I47: 1.2781905 | J47: 1 | K47: 1 | L47: 0 | M47: 0 | N47: No | O47: 0 | P47: 0 | Q47: 1 | R47: 0 | S47: 0 | T47: 0 | U47: 0 | V47: 1 | W47: nd | X47: 0 | Y47: 0 | Z47: 0 | AA47: 0 | AB47: 0 | AC47: 0 | AD47: 0 | AE47: 0 | AF47: 0 | AG47: 0 | AH47: Redes Sociales | AI47: Instagram | AK47: www.instagram.com/p/BmAtL64jV7m
A48: P_violacea_200 | B48: 43272 | C48: Verano | D48: nd | E48: Alcossebre | F48: Castellón | G48: Comunidad Valenciana | H48: 40.243671 | I48: 0.2787965 | J48: 1 | K48: 1 | L48: 0 | M48: 0 | N48: Si | O48: 0 | P48: 0 | Q48: 1 | R48: 1 | S48: 0 | T48: 0 | U48: 0 | V48: 0 | W48: nd | X48: 0 | Y48: 0 | Z48: 0 | AA48: 0 | AB48: 0 | AC48: 0 | AD48: 0 | AE48: 0 | AF48: 0 | AG48: 0 | AH48: Redes Sociales | AI48: Twitter | AK48: https://x.com/csinformacion/status/1009752948019220480
A49: P_violacea_053 | B49: 43300 | C49: Verano | D49: nd | E49: Llançà | F49: Girona | G49: Cataluña | H49: 42.361303 | I49: 3.1661867 | J49: 1 | K49: 1 | L49: 0 | M49: 0 | N49: Si | O49: 0 | P49: 1 | Q49: 0 | R49: 1 | S49: 0 | T49: 0 | U49: 0 | V49: 0 | W49: nd | X49: 0 | Y49: 0 | Z49: 0 | AA49: 0 | AB49: 0 | AC49: 0 | AD49: 0 | AE49: 0 | AF49: 0 | AG49: 0 | AH49: Redes Sociales | AI49: Instagram | AK49: www.instagram.com/p/Blamn6VnUT_
A50: P_violacea_032 | B50: 43303 | C50: Verano | D50: nd | E50: Cap de Formentor | F50: Islas Baleares | G50: Islas Baleares | H50: 39.9629 | I50: 3.2107 | J50: 1 | K50: 1 | L50: 0 | M50: 0 | N50: Si | O50: 0 | P50: 1 | Q50: 0 | R50: 0 | S50: 0 | T50: 0 | U50: 0 | V50: 1 | W50: nd | X50: 0 | Y50: 0 | Z50: 0 | AA50: 0 | AB50: 0 | AC50: 0 | AD50: 0 | AE50: 0 | AF50: 0 | AG50: 0 | AH50: Database | AI50: Obsdelmar | AK50: https://www.observadoresdelmar.es/Observations/210402 | AL50: Foto de Gregor Schlüter,Muchas gracias por esta observación Tramuntana Diving! Esta especie es muy importante en nuestro #retoraya ya que podría ser indicadora del cambio climático,<br /> <br /> saludos<br /> <br /> Claudio
A51: P_violacea_054 | B51: 43305 | C51: Verano | D51: nd | E51: Badalona | F51: Barcelona | G51: Cataluña | H51: 41.448107 | I51: 2.2537085 | J51: 1 | K51: 1 | L51: 0 | M51: 0 | N51: nd | O51: 0 | P51: 0 | Q51: 1 | R51: 1 | S51: 0 | T51: 0 | U51: 0 | V51: 0 | W51: nd | X51: 0 | Y51: 0 | Z51: 0 | AA51: 0 | AB51: 0 | AC51: 0 | AD51: 0 | AE51: 0 | AF51: 0 | AG51: 0 | AH51: Redes Sociales | AI51: Twitter | AK51: https://twitter.com/daniel_julia/status/1021662703264382976 | AL51: Cerca de costa
A52: P_violacea_035 | B52: 43306 | C52: Verano | D52: nd | F52: Barcelona | G52: Cataluña | H52: 41.235883 | I52: 1.8290563 | J52: 1 | K52: 1 | L52: 0 | M52: 0 | N52: Si | O52: 0 | P52: 0 | Q52: 1 | R52: 0 | S52: 0 | T52: 0 | U52: 0 | V52: 1 | W52: nd | X52: 0 | Y52: 0 | Z52: 0 | AA52: 0 | AB52: 0 | AC52: 0 | AD52: 0 | AE52: 0 | AF52: 0 | AG52: 0 | AH52: Database | AI52: Obsdelmar | AK52: https://www.observadoresdelmar.es/Observations/210025 | AL52: Tiene coords raras (40.9790000, 1.9335000)... lo he aproximado a BCN/Garraf que es el punto de costa más cercano porque a 1 metro en alta mar es imposible! Comentario obsdelmar: Lo he puesto en conocimiento del 112 por si la raya sufria algun daño de las personas o las personas de la raya ,ya que estaba en la misma orilla con solo medio metro de profundidad,mide algo mas de un metro con cola incluida,Hola Genoveva,<br /> <br /> Muchas gracias por observación, es muy interesante!. A pesar de que se han avistado muchas rayas de esta especie este verano, es la primera observación de una raya en estas condiciones, una pena. <br /> <br /> saludos<br /> <br /> Claudio
A53: P_violacea_055 | B53: 43306 | C53: Verano | D53: nd | E53: Barceloneta | F53: Barcelona | G53: Cataluña | H53: 41.370644 | I53: 2.1909451 | J53: 1 | K53: 1 | L53: 0 | M53: 0 | N53: nd | O53: 0 | P53: 0 | Q53: 1 | R53: 0 | S53: 0 | T53: 0 | U53: 0 | V53: 1 | W53: nd | X53: 0 | Y53: 0 | Z53: 0 | AA53: 0 | AB53: 0 | AC53: 0 | AD53: 0 | AE53: 0 | AF53: 0 | AG53: 0 | AH53: Redes Sociales | AI53: Facebook | AK53: www.facebook.com/Sotosypuente/videos/1761400767228286
A54: P_violacea_056 | B54: 43307 | C54: Verano | D54: nd | E54: Torredembara | F54: Tarragona | G54: Cataluña | H54: 41.144135 | I54: 1.4159485 | J54: 1 | K54: 1 | L54: 0 | M54: 0 | N54: nd | O54: 0 | P54: 0 | Q54: 1 | R54: 0 | S54: 0 | T54: 0 | U54: 0 | V54: 1 | W54: nd | X54: 0 | Y54: 0 | Z54: 0 | AA54: 0 | AB54: 0 | AC54: 0 | AD54: 0 | AE54: 0 | AF54: 0 | AG54: 0 | AH54: Redes Sociales | AI54: YouTube | AK54: https://www.youtube.com/watch?v=OwBd5KjYMqA&ab_channel=JaumeEsteve
A55: P_violacea_057 | B55: 43309 | C55: Verano | D55: nd | E55: Cólera | F55: Girona | G55: Cataluña | H55: 42.405056 | I55: 3.1573966 | J55: 1 | K55: 1 | L55: 0 | M55: 0 | N55: Si | O55: 0 | P55: 0 | Q55: 1 | R55: 1 | S55: 0 | T55: 0 | U55: 0 | V55: 0 | W55: nd | X55: 0 | Y55: 0 | Z55: 0 | AA55: 0 | AB55: 0 | AC55: 0 | AD55: 0 | AE55: 0 | AF55: 0 | AG55: 0 | AH55: Redes Sociales | AI55: Instagram | AK55: www.instagram.com/p/BlyYoZhAZdc
A56: P_violacea_450 | B56: 43309 | C56: Verano | D56: nd | E56: Masia Blanca | F56: Tarragona | G56: Cataluña | H56: 41.174988 | I56: 1.5078455 | J56: 1 | K56: 1 | L56: 0 | M56: 0 | N56: No | O56: 0 | P56: 1 | Q56: 0 | R56: 1 | S56: 0 | T56: 0 | U56: 0 | V56: 0 | W56: nd | X56: 1 | Y56: 0 | Z56: 0 | AA56: 1 | AB56: 0 | AC56: 0 | AD56: 0 | AE56: 0 | AF56: 0 | AG56: 0 | AH56: Redes Sociales | AI56: Facebook | AK56: https://www.facebook.com/aulaaquatica/videos/1399797346830472/?__cft__[0]=AZWd29ZIaFpfz6JMSEO1-Pn22iVFKGHRPHqBDy2UMzjkDvS_pmuVgtzqjHCJny4V3Fokfc8HRsOUGIaUBMlfWvYtFXuN8KFyiGt-Pq0Iw96_7Uw9G4bk3iowhVr0kj8tvCHRtgt9NqrD_5NYpOlKkI7SF_kBDZBAhOaTGt8rDAGtsg&__tn__=%2CO%2CP-R | AL56: Tiene región dorsal algo abultada
A57: P_violacea_058 | B57: 43310 | C57: Verano | D57: nd | E57: Portbou | F57: Girona | G57: Cataluña | H57: 42.428212 | I57: 3.165155 | J57: 1 | K57: 1 | L57: 0 | M57: 0 | N57: No | O57: 0 | P57: 0 | Q57: 1 | R57: 1 | S57: 0 | T57: 0 | U57: 0 | V57: 0 | W57: nd | X57: 0 | Y57: 0 | Z57: 0 | AA57: 0 | AB57: 0 | AC57: 0 | AD57: 0 | AE57: 0 | AF57: 0 | AG57: 0 | AH57: Redes Sociales | AI57: Instagram | AK57: www.instagram.com/p/Bl0z5khFRiV
A58: P_violacea_059 | B58: 43310 | C58: Verano | D58: nd | E58: Tossa de Mar | F58: Girona | G58: Cataluña | H58: 41.721057 | I58: 2.9419564 | J58: 1 | K58: 0 | L58: 0 | M58: 1 | N58: nd | O58: 0 | P58: 0 | Q58: 1 | R58: 0 | S58: 0 | T58: 0 | U58: 0 | V58: 1 | W58: nd | X58: 0 | Y58: 0 | Z58: 0 | AA58: 0 | AB58: 0 | AC58: 0 | AD58: 0 | AE58: 0 | AF58: 0 | AG58: 0 | AH58: Redes Sociales | AI58: Facebook | AK58: www.facebook.com/4allDivers/photos/a.400957879929895.116171.400925973266419/2574877045871290
A59: P_violacea_060 | B59: 43311 | C59: Verano | D59: nd | E59: Portbou | F59: Girona | G59: Cataluña | H59: 42.428212 | I59: 3.165155 | J59: 2 | K59: 2 | L59: 0 | M59: 0 | N59: Si/No | O59: 0 | P59: 0 | Q59: 2 | R59: 0 | S59: 0 | T59: 0 | U59: 0 | V59: 2 | W59: nd | X59: 1 | Y59: 0 | Z59: 0 | AA59: 0 | AB59: 0 | AC59: 0 | AD59: 1 | AE59: 0 | AF59: 0 | AG59: 1 | AH59: Redes Sociales | AI59: Facebook | AK59: https://www.facebook.com/enric.e.rovira/posts/10216189025339313 | AL59: Creo que la publicación son 2 ejemplares diferentes porque una tiene herida y otra no en la misma aleta. Curiosamente una foto de una violacea en el fondo semienterrada
A60: P_violacea_061 | B60: 43313 | C60: Verano | D60: nd | E60: Roses | F60: Girona | G60: Cataluña | H60: 42.262452 | I60: 3.1720994 | J60: 1 | K60: 1 | L60: 0 | M60: 0 | N60: No | O60: 0 | P60: 1 | Q60: 0 | R60: 0 | S60: 0 | T60: 0 | U60: 0 | V60: 1 | W60: nd | X60: 0 | Y60: 0 | Z60: 0 | AA60: 0 | AB60: 0 | AC60: 0 | AD60: 0 | AE60: 0 | AF60: 0 | AG60: 0 | AH60: Redes Sociales | AI60: Twitter | AK60: https://twitter.com/LluciGarcia/status/1024667361222316033
A61: P_violacea_062 | B61: 43313 | C61: Verano | D61: nd | E61: Tarragona | F61: Tarragona | G61: Cataluña | H61: 41.127927 | I61: 1.3071806 | J61: 1 | K61: 1 | L61: 0 | M61: 0 | N61: nd | O61: 0 | P61: 0 | Q61: 1 | R61: 0 | S61: 0 | T61: 0 | U61: 0 | V61: 1 | W61: nd | X61: 0 | Y61: 0 | Z61: 0 | AA61: 0 | AB61: 0 | AC61: 0 | AD61: 0 | AE61: 0 | AF61: 0 | AG61: 0 | AH61: Redes Sociales | AI61: Twitter | AK61: https://twitter.com/Jnaduch/status/1024613071527075840
A62: P_violacea_063 | B62: 43314 | C62: Verano | D62: nd | E62: Pineda de Mar | F62: Barcelona | G62: Cataluña | H62: 41.618486 | I62: 2.6887821 | J62: 1 | K62: 1 | L62: 0 | M62: 0 | N62: Si | O62: 0 | P62: 1 | Q62: 0 | R62: 1 | S62: 0 | T62: 0 | U62: 0 | V62: 0 | W62: nd | X62: 0 | Y62: 0 | Z62: 0 | AA62: 0 | AB62: 0 | AC62: 0 | AD62: 0 | AE62: 0 | AF62: 0 | AG62: 0 | AH62: Redes Sociales | AI62: Twitter | AK62: https://twitter.com/alcantara_alb/status/1025004484844572672
A63: P_violacea_064 | B63: 43314 | C63: Verano | D63: nd | E63: Tarragona | F63: Tarragona | G63: Cataluña | H63: 41.133089 | I63: 1.3832658 | J63: 1 | K63: 1 | L63: 0 | M63: 0 | N63: nd | O63: 0 | P63: 0 | Q63: 1 | R63: 0 | S63: 0 | T63: 0 | U63: 0 | V63: 1 | W63: nd | X63: 0 | Y63: 0 | Z63: 0 | AA63: 0 | AB63: 0 | AC63: 0 | AD63: 0 | AE63: 0 | AF63: 0 | AG63: 0 | AH63: Redes Sociales | AI63: YouTube | AK63: https://www.youtube.com/watch?v=eJnhYL7uiGE&ab_channel=TarragonaDigital
A64: P_violacea_143 | B64: 43314 | C64: Verano | D64: nd | E64: San Agustín | F64: Almería | G64: Andalucía | H64: 36.672067 | I64: -2.6606359 | J64: 2 | K64: 2 | L64: 0 | M64: 0 | N64: nd | O64: 1 | P64: 1 | Q64: 0 | R64: 2 | S64: 0 | T64: 0 | U64: 0 | V64: 0 | W64: nd | X64: 1 | Y64: 1 | Z64: 0 | AA64: 0 | AB64: 0 | AC64: 0 | AD64: 0 | AE64: 0 | AF64: 0 | AG64: 0 | AH64: Database | AI64: Obsdelmar | AK64: https://www.observadoresdelmar.es/Observations/1800354 | AL64: Apareamiento
A65: P_violacea_013 | B65: 43315 | C65: Verano | D65: nd | E65: Colera | F65: Girona | G65: Cataluña | H65: 42.40922 | I65: 3.16209 | J65: 1 | K65: 0 | L65: 0 | M65: 1 | N65: nd | O65: 0 | P65: 0 | Q65: 1 | R65: 0 | S65: 0 | T65: 0 | U65: 0 | V65: 1 | W65: nd | X65: 0 | Y65: 0 | Z65: 0 | AA65: 0 | AB65: 0 | AC65: 0 | AD65: 0 | AE65: 0 | AF65: 0 | AG65: 0 | AH65: Database | AI65: GBIF | AK65: 4A9DDA1F-B7E7-3E13-E053-2614A8C02B7C
A66: P_violacea_065 | B66: 43315 | C66: Verano | D66: nd | E66: Platja de Segur de Calafell | F66: Tarragona | G66: Cataluña | H66: 41.187794 | I66: 1.6014574 | J66: 1 | K66: 1 | L66: 0 | M66: 0 | N66: Si | O66: 0 | P66: 1 | Q66: 0 | R66: 0 | S66: 0 | T66: 0 | U66: 0 | V66: 1 | W66: nd | X66: 0 | Y66: 0 | Z66: 0 | AA66: 0 | AB66: 0 | AC66: 0 | AD66: 0 | AE66: 0 | AF66: 0 | AG66: 0 | AH66: Redes Sociales | AI66: Instagram | AK66: www.instagram.com/p/Bl-wlDkDqUl
A67: P_violacea_066 | B67: 43315 | C67: Verano | D67: nd | E67: El Prat de Llobregat | F67: Barcelona | G67: Cataluña | H67: 41.286293 | I67: 2.1050164 | J67: 1 | K67: 1 | L67: 0 | M67: 0 | N67: nd | O67: 0 | P67: 0 | Q67: 1 | R67: 0 | S67: 0 | T67: 0 | U67: 0 | V67: 1 | W67: nd | X67: 0 | Y67: 0 | Z67: 0 | AA67: 0 | AB67: 0 | AC67: 0 | AD67: 0 | AE67: 0 | AF67: 0 | AG67: 0 | AH67: Redes Sociales | AI67: Twitter | AK67: https://twitter.com/alcantara_alb/status/1025270992590000128
A68: P_violacea_067 | B68: 43315 | C68: Verano | D68: nd | E68: Torredembara | F68: Tarragona | G68: Cataluña | H68: 41.138959 | I68: 1.4072089 | J68: 1 | K68: 1 | L68: 0 | M68: 0 | N68: nd | O68: 0 | P68: 0 | Q68: 1 | R68: 0 | S68: 0 | T68: 0 | U68: 0 | V68: 1 | W68: nd | X68: 0 | Y68: 0 | Z68: 0 | AA68: 0 | AB68: 0 | AC68: 0 | AD68: 0 | AE68: 0 | AF68: 0 | AG68: 0 | AH68: Redes Sociales | AI68: Twitter | AK68: https://twitter.com/OnaLaTorre/status/1025431119670509568
A69: P_violacea_068 | B69: 43315 | C69: Verano | D69: nd | E69: Platja de l'Arrabassada | F69: Tarragona | G69: Cataluña | H69: 41.118672 | I69: 1.2775099 | J69: 1 | K69: 1 | L69: 0 | M69: 0 | N69: nd | O69: 0 | P69: 0 | Q69: 1 | R69: 0 | S69: 0 | T69: 0 | U69: 0 | V69: 1 | W69: nd | X69: 0 | Y69: 0 | Z69: 0 | AA69: 0 | AB69: 0 | AC69: 0 | AD69: 0 | AE69: 0 | AF69: 0 | AG69: 0 | AH69: Redes Sociales | AI69: Twitter | AK69: https://twitter.com/HoladeValls/status/1025347903970271233
A70: P_violacea_131 | B70: 43315 | C70: Verano | D70: nd | E70: Roses | F70: Girona | G70: Cataluña | H70: 42.261948 | I70: 3.1683497 | J70: 1 | K70: 1 | L70: 0 | M70: 0 | N70: nd | O70: 0 | P70: 0 | Q70: 1 | R70: 0 | S70: 0 | T70: 0 | U70: 0 | V70: 1 | W70: nd | X70: 0 | Y70: 0 | Z70: 0 | AA70: 0 | AB70: 0 | AC70: 0 | AD70: 0 | AE70: 0 | AF70: 0 | AG70: 0 | AH70: Prensa | AI70: El Gerió Digital | AK70: https://www.gerio.cat/noticia/342399/proteccio-civil-alerta-de-la-presencia-de-mantes-a-les-platges-de-colera-i-roses
A71: P_violacea_132 | B71: 43315 | C71: Verano | D71: nd | E71: Colera | F71: Girona | G71: Cataluña | H71: 42.406129 | I71: 3.1580511 | J71: 1 | K71: 1 | L71: 0 | M71: 0 | N71: nd | O71: 0 | P71: 0 | Q71: 1 | R71: 0 | S71: 0 | T71: 0 | U71: 0 | V71: 1 | W71: nd | X71: 0 | Y71: 0 | Z71: 0 | AA71: 0 | AB71: 0 | AC71: 0 | AD71: 0 | AE71: 0 | AF71: 0 | AG71: 0 | AH71: Prensa | AI71: El Gerió Digital | AK71: https://www.gerio.cat/noticia/342399/proteccio-civil-alerta-de-la-presencia-de-mantes-a-les-platges-de-colera-i-roses
A72: P_violacea_431 | B72: 43315 | C72: Verano | D72: nd | E72: Platja del Garbet | F72: Girona | G72: Cataluña | H72: 42.393307 | I72: 3.1533045 | J72: 1 | K72: 1 | L72: 0 | M72: 0 | N72: Si | O72: 0 | P72: 1 | Q72: 0 | R72: 1 | S72: 0 | T72: 0 | U72: 0 | V72: 0 | W72: nd | X72: 1 | Y72: 0 | Z72: 0 | AA72: 1 | AB72: 0 | AC72: 0 | AD72: 0 | AE72: 0 | AF72: 0 | AG72: 0 | AH72: Redes Sociales | AI72: Instagram | AK72: https://www.instagram.com/p/BmBhsBgnhPe | AL72: Parte dorsal parece "hinchada"
A73: P_violacea_069 | B73: 43316 | C73: Verano | D73: nd | E73: Platja de Garbet | F73: Girona | G73: Cataluña | H73: 42.392961 | I73: 3.1559426 | J73: 1 | K73: 1 | L73: 0 | M73: 0 | N73: No | O73: 0 | P73: 1 | Q73: 0 | R73: 1 | S73: 0 | T73: 0 | U73: 0 | V73: 0 | W73: nd | X73: 0 | Y73: 0 | Z73: 0 | AA73: 0 | AB73: 0 | AC73: 0 | AD73: 0 | AE73: 0 | AF73: 0 | AG73: 0 | AH73: Redes Sociales | AI73: Instagram | AK73: www.instagram.com/p/BmBkFVLnffp | AL73: Muy cerca de la orilla
A74: P_violacea_070 | B74: 43316 | C74: Verano | D74: nd | E74: Torredembara | F74: Tarragona | G74: Cataluña | H74: 41.141815 | I74: 1.4120187 | J74: 1 | K74: 1 | L74: 0 | M74: 0 | N74: Si | O74: 0 | P74: 0 | Q74: 1 | R74: 0 | S74: 0 | T74: 0 | U74: 0 | V74: 1 | W74: nd | X74: 0 | Y74: 0 | Z74: 0 | AA74: 0 | AB74: 0 | AC74: 0 | AD74: 0 | AE74: 0 | AF74: 0 | AG74: 0 | AH74: Redes Sociales | AI74: Instagram | AK74: www.instagram.com/p/BmD9X8cg8l5
A75: P_violacea_071 | B75: 43316 | C75: Verano | D75: nd | E75: Portbou | F75: Girona | G75: Cataluña | H75: 42.428212 | I75: 3.165155 | J75: 1 | K75: 1 | L75: 0 | M75: 0 | N75: No | O75: 0 | P75: 1 | Q75: 0 | R75: 1 | S75: 0 | T75: 0 | U75: 0 | V75: 0 | W75: nd | X75: 0 | Y75: 0 | Z75: 0 | AA75: 0 | AB75: 0 | AC75: 0 | AD75: 0 | AE75: 0 | AF75: 0 | AG75: 0 | AH75: Redes Sociales | AI75: Instagram | AK75: www.instagram.com/p/BmDX4s8BfW3
A76: P_violacea_072 | B76: 43316 | C76: Verano | D76: nd | E76: Platja del Morts | F76: Girona | G76: Cataluña | H76: 42.406284 | I76: 3.1589481 | J76: 1 | K76: 1 | L76: 0 | M76: 0 | N76: Si | O76: 0 | P76: 1 | Q76: 0 | R76: 1 | S76: 0 | T76: 0 | U76: 0 | V76: 0 | W76: nd | X76: 0 | Y76: 0 | Z76: 0 | AA76: 0 | AB76: 0 | AC76: 0 | AD76: 0 | AE76: 0 | AF76: 0 | AG76: 0 | AH76: Redes Sociales | AI76: Instagram | AK76: www.instagram.com/p/BmBjf2sH5As
A77: P_violacea_073 | B77: 43316 | C77: Verano | D77: nd | E77: Platja d'Arenys | F77: Barcelona | G77: Cataluña | H77: 41.577272 | I77: 2.5528029 | J77: 1 | K77: 1 | L77: 0 | M77: 0 | N77: No | O77: 0 | P77: 0 | Q77: 1 | R77: 0 | S77: 0 | T77: 0 | U77: 0 | V77: 1 | W77: nd | X77: 0 | Y77: 0 | Z77: 0 | AA77: 0 | AB77: 0 | AC77: 0 | AD77: 0 | AE77: 0 | AF77: 0 | AG77: 0 | AH77: Redes Sociales | AI77: Twitter | AK77: https://twitter.com/BeyondBCN/status/1025761056495464448 | AL77: Muy cerca de la orilla
A78: P_violacea_074 | B78: 43316 | C78: Verano | D78: nd | E78: Calella | F78: Barcelona | G78: Cataluña | H78: 41.610507 | I78: 2.6580549 | J78: 1 | K78: 1 | L78: 0 | M78: 0 | N78: Si | O78: 0 | P78: 1 | Q78: 0 | R78: 0 | S78: 0 | T78: 0 | U78: 0 | V78: 1 | W78: nd | X78: 0 | Y78: 0 | Z78: 0 | AA78: 0 | AB78: 0 | AC78: 0 | AD78: 0 | AE78: 0 | AF78: 0 | AG78: 0 | AH78: Redes Sociales | AI78: Twitter | AK78: https://twitter.com/angelina_muntal/status/1025816020886466561 | AL78: Muy cerca de la orilla
A79: P_violacea_075 | B79: 43316 | C79: Verano | D79: nd | E79: Torredembara | F79: Tarragona | G79: Cataluña | H79: 41.140444 | I79: 1.4093565 | J79: 1 | K79: 1 | L79: 0 | M79: 0 | N79: Si | O79: 0 | P79: 1 | Q79: 0 | R79: 1 | S79: 0 | T79: 0 | U79: 0 | V79: 0 | W79: nd | X79: 0 | Y79: 0 | Z79: 0 | AA79: 0 | AB79: 0 | AC79: 0 | AD79: 0 | AE79: 0 | AF79: 0 | AG79: 0 | AH79: Redes Sociales | AI79: Twitter | AK79: https://twitter.com/Albert_Pasto/status/1025627132553248768
A80: P_violacea_076 | B80: 43316 | C80: Verano | D80: nd | E80: Llançà | F80: Girona | G80: Cataluña | H80: 42.364489 | I80: 3.1642599 | J80: 1 | K80: 1 | L80: 0 | M80: 0 | N80: No | O80: 0 | P80: 0 | Q80: 1 | R80: 0 | S80: 0 | T80: 0 | U80: 0 | V80: 1 | W80: nd | X80: 0 | Y80: 0 | Z80: 0 | AA80: 0 | AB80: 0 | AC80: 0 | AD80: 0 | AE80: 0 | AF80: 0 | AG80: 0 | AH80: Redes Sociales | AI80: Instagram | AK80: https://www.instagram.com/p/BmDzo1PA-na/
A81: P_violacea_023 | B81: 43317 | C81: Verano | D81: nd | E81: Bellavista | F81: Islas Baleares | G81: Islas Baleares | H81: 39.4804 | I81: 2.7277 | J81: 1 | K81: 1 | L81: 0 | M81: 0 | N81: Si | O81: 0 | P81: 1 | Q81: 0 | R81: 0 | S81: 0 | T81: 0 | U81: 0 | V81: 1 | W81: nd | X81: 0 | Y81: 0 | Z81: 0 | AA81: 0 | AB81: 0 | AC81: 0 | AD81: 0 | AE81: 0 | AF81: 0 | AG81: 0 | AH81: Database | AI81: Obsdelmar | AK81: https://www.observadoresdelmar.es/Observations/210579
A82: P_violacea_038 | B82: 43317 | C82: Verano | D82: 0.90347222 | E82: Sóller | F82: Islas Baleares | G82: Islas Baleares | H82: 39.800228 | I82: 2.6855915 | J82: 1 | K82: 1 | L82: 0 | M82: 0 | N82: Si | O82: 0 | P82: 0 | Q82: 1 | R82: 1 | S82: 0 | T82: 0 | U82: 0 | V82: 0 | W82: nd | X82: 0 | Y82: 0 | Z82: 0 | AA82: 0 | AB82: 0 | AC82: 0 | AD82: 0 | AE82: 0 | AF82: 0 | AG82: 0 | AH82: Database | AI82: GBIF | AK82: https://www.inaturalist.org/observations/15205269
A83: P_violacea_077 | B83: 43317 | C83: Verano | D83: nd | E83: Estaritit | F83: Girona | G83: Cataluña | H83: 42.034798 | I83: 3.1955643 | J83: 1 | K83: 1 | L83: 0 | M83: 0 | N83: nd | O83: 0 | P83: 0 | Q83: 1 | R83: 0 | S83: 0 | T83: 0 | U83: 0 | V83: 1 | W83: nd | X83: 0 | Y83: 0 | Z83: 0 | AA83: 0 | AB83: 0 | AC83: 0 | AD83: 0 | AE83: 0 | AF83: 0 | AG83: 0 | AH83: Redes Sociales | AI83: Instagram | AK83: www.instagram.com/p/BmGTjjaHlqj
A84: P_violacea_078 | B84: 43317 | C84: Verano | D84: nd | E84: Sant Pere Pescador | F84: Girona | G84: Cataluña | H84: 42.174408 | I84: 3.1159617 | J84: 1 | K84: 1 | L84: 0 | M84: 0 | N84: nd | O84: 0 | P84: 0 | Q84: 1 | R84: 0 | S84: 0 | T84: 0 | U84: 0 | V84: 1 | W84: nd | X84: 0 | Y84: 0 | Z84: 0 | AA84: 0 | AB84: 0 | AC84: 0 | AD84: 0 | AE84: 0 | AF84: 0 | AG84: 0 | AH84: Redes Sociales | AI84: Twitter | AK84: https://twitter.com/mar_chico/status/1025883868228923393
A85: P_violacea_079 | B85: 43317 | C85: Verano | D85: nd | E85: Empordà | F85: Girona | G85: Cataluña | H85: 42.03484 | I85: 3.1958526 | J85: 1 | K85: 1 | L85: 0 | M85: 0 | N85: nd | O85: 0 | P85: 1 | Q85: 0 | R85: 0 | S85: 0 | T85: 0 | U85: 0 | V85: 1 | W85: nd | X85: 0 | Y85: 0 | Z85: 0 | AA85: 0 | AB85: 0 | AC85: 0 | AD85: 0 | AE85: 0 | AF85: 0 | AG85: 0 | AH85: Redes Sociales | AI85: Instagram | AK85: https://www.instagram.com/p/BmGUQqZD_B4/
A86: P_violacea_080 | B86: 43318 | C86: Verano | D86: nd | E86: La Herradura | F86: Granada | G86: Andalucía | H86: 36.729291 | I86: -3.7490559 | J86: 1 | K86: 1 | L86: 0 | M86: 0 | N86: nd | O86: 0 | P86: 1 | Q86: 0 | R86: 0 | S86: 0 | T86: 0 | U86: 0 | V86: 1 | W86: nd | X86: 1 | Y86: 0 | Z86: 0 | AA86: 0 | AB86: 0 | AC86: 0 | AD86: 0 | AE86: 0 | AF86: 0 | AG86: 1 | AH86: Redes Sociales | AI86: Instagram | AK86: www.instagram.com/p/BmIHY_hnj7q | AL86: Anzuelo en la boca
A87: P_violacea_081 | B87: 43318 | C87: Verano | D87: nd | E87: Roses | F87: Girona | G87: Cataluña | H87: 42.262452 | I87: 3.1720994 | J87: 1 | K87: 1 | L87: 0 | M87: 0 | N87: Si | O87: 0 | P87: 0 | Q87: 1 | R87: 0 | S87: 0 | T87: 0 | U87: 0 | V87: 1 | W87: nd | X87: 0 | Y87: 0 | Z87: 0 | AA87: 0 | AB87: 0 | AC87: 0 | AD87: 0 | AE87: 0 | AF87: 0 | AG87: 0 | AH87: Redes Sociales | AI87: Twitter | AK87: https://twitter.com/FotosdeXavier/status/1026372679207673858
A88: P_violacea_082 | B88: 43318 | C88: Verano | D88: nd | E88: Vendrell | F88: Tarragona | G88: Cataluña | H88: 41.186018 | I88: 1.5812359 | J88: 1 | K88: 1 | L88: 0 | M88: 0 | N88: Si | O88: 0 | P88: 1 | Q88: 0 | R88: 0 | S88: 0 | T88: 0 | U88: 0 | V88: 1 | W88: nd | X88: 0 | Y88: 0 | Z88: 0 | AA88: 0 | AB88: 0 | AC88: 0 | AD88: 0 | AE88: 0 | AF88: 0 | AG88: 0 | AH88: Redes Sociales | AI88: Twitter | AK88: https://twitter.com/sebas_leno/status/1026412574366154752 | AL88: Cerca de playa
A89: P_violacea_083 | B89: 43318 | C89: Verano | D89: nd | E89: Arenys de Mar | F89: Barcelona | G89: Cataluña | H89: 41.57964 | I89: 2.5688109 | J89: 1 | K89: 1 | L89: 0 | M89: 0 | N89: No | O89: 0 | P89: 0 | Q89: 1 | R89: 0 | S89: 0 | T89: 0 | U89: 0 | V89: 1 | W89: nd | X89: 0 | Y89: 0 | Z89: 0 | AA89: 0 | AB89: 0 | AC89: 0 | AD89: 0 | AE89: 0 | AF89: 0 | AG89: 0 | AH89: Redes Sociales | AI89: Twitter | AK89: https://twitter.com/AjArenys/status/1026385327160795136
A90: P_violacea_190 | B90: 43318 | C90: Verano | D90: nd | E90: Barceloneta | F90: Barcelona | G90: Cataluña | H90: 41.377865 | I90: 2.1934281 | J90: 1 | K90: 1 | L90: 0 | M90: 0 | N90: No | O90: 0 | P90: 1 | Q90: 0 | R90: 0 | S90: 0 | T90: 0 | U90: 0 | V90: 1 | W90: nd | X90: 0 | Y90: 0 | Z90: 0 | AA90: 0 | AB90: 0 | AC90: 0 | AD90: 0 | AE90: 0 | AF90: 0 | AG90: 0 | AH90: Redes Sociales | AI90: YouTube | AK90: https://www.youtube.com/watch?v=RS3nXFw91Do&ab_channel=LARQUE
A91: P_violacea_084 | B91: 43319 | C91: Verano | D91: nd | E91: Cala Macarelleta | F91: Islas Baleares | G91: Islas Baleares | H91: 39.936087 | I91: 3.9363256 | J91: 1 | K91: 0 | L91: 0 | M91: 1 | N91: nd | O91: 0 | P91: 0 | Q91: 1 | R91: 0 | S91: 0 | T91: 0 | U91: 0 | V91: 1 | W91: nd | X91: 0 | Y91: 0 | Z91: 0 | AA91: 0 | AB91: 0 | AC91: 0 | AD91: 0 | AE91: 0 | AF91: 0 | AG91: 0 | AH91: Redes Sociales | AI91: Instagram | AK91: www.instagram.com/p/BmLDwejHVTk | AL91: Página no existe ya
A92: P_violacea_085 | B92: 43319 | C92: Verano | D92: nd | E92: Cólera | F92: Girona | G92: Cataluña | H92: 42.407331 | I92: 3.1562551 | J92: 1 | K92: 1 | L92: 0 | M92: 0 | N92: nd | O92: 0 | P92: 0 | Q92: 1 | R92: 0 | S92: 0 | T92: 0 | U92: 0 | V92: 1 | W92: nd | X92: 0 | Y92: 0 | Z92: 0 | AA92: 0 | AB92: 0 | AC92: 0 | AD92: 0 | AE92: 0 | AF92: 0 | AG92: 0 | AH92: Redes Sociales | AI92: Twitter | AK92: https://twitter.com/narcistorra/status/1026792595970842626 | AL92: Muy cerca de la orilla
A93: P_violacea_133 | B93: 43319 | C93: Verano | D93: nd | E93: Deltebre | F93: Tarragona | G93: Cataluña | H93: 40.750049 | I93: 0.81156639 | J93: 1 | K93: 1 | L93: 0 | M93: 0 | N93: nd | O93: 0 | P93: 0 | Q93: 1 | R93: 0 | S93: 0 | T93: 0 | U93: 0 | V93: 1 | W93: nd | X93: 0 | Y93: 0 | Z93: 0 | AA93: 0 | AB93: 0 | AC93: 0 | AD93: 0 | AE93: 0 | AF93: 0 | AG93: 0 | AH93: Prensa | AI93: Diari de Tarragona | AK93: https://www.diaridetarragona.com/ebre/Alerta-en-una-playa-de-Deltebre-por-la-presencia-de-un-pez-raya-20180807-0040.html
A94: P_violacea_086 | B94: 43320 | C94: Verano | D94: nd | E94: Port Fòrum | F94: Barcelona | G94: Cataluña | H94: 41.40715 | I94: 2.2290745 | J94: 1 | K94: 1 | L94: 0 | M94: 0 | N94: Si | O94: 0 | P94: 0 | Q94: 1 | R94: 0 | S94: 0 | T94: 0 | U94: 0 | V94: 1 | W94: nd | X94: 0 | Y94: 0 | Z94: 0 | AA94: 0 | AB94: 0 | AC94: 0 | AD94: 0 | AE94: 0 | AF94: 0 | AG94: 0 | AH94: Redes Sociales | AI94: Instagram | AK94: www.instagram.com/p/BmOPh_iDWQ3
A95: P_violacea_087 | B95: 43320 | C95: Verano | D95: nd | E95: Llançà | F95: Girona | G95: Cataluña | H95: 42.374084 | I95: 3.1610113 | J95: 1 | K95: 1 | L95: 0 | M95: 0 | N95: No | O95: 0 | P95: 0 | Q95: 1 | R95: 0 | S95: 0 | T95: 0 | U95: 0 | V95: 1 | W95: nd | X95: 0 | Y95: 0 | Z95: 0 | AA95: 0 | AB95: 0 | AC95: 0 | AD95: 0 | AE95: 0 | AF95: 0 | AG95: 0 | AH95: Redes Sociales | AI95: Instagram | AK95: www.instagram.com/p/BmNalzbnfaW
A96: P_violacea_088 | B96: 43320 | C96: Verano | D96: nd | E96: Alt Empordà | F96: Girona | G96: Cataluña | H96: 42.392961 | I96: 3.1543106 | J96: 1 | K96: 1 | L96: 0 | M96: 0 | N96: nd | O96: 0 | P96: 0 | Q96: 1 | R96: 0 | S96: 0 | T96: 0 | U96: 0 | V96: 1 | W96: nd | X96: 0 | Y96: 0 | Z96: 0 | AA96: 0 | AB96: 0 | AC96: 0 | AD96: 0 | AE96: 0 | AF96: 0 | AG96: 0 | AH96: Redes Sociales | AI96: Instagram | AK96: www.instagram.com/p/BmLMxSTjlUl
A97: P_violacea_134 | B97: 43320 | C97: Verano | D97: nd | E97: Salou | F97: Tarragona | G97: Cataluña | H97: 40.731213 | I97: 0.8366478 | J97: 1 | K97: 1 | L97: 0 | M97: 0 | N97: nd | O97: 0 | P97: 0 | Q97: 1 | R97: 0 | S97: 0 | T97: 0 | U97: 0 | V97: 1 | W97: nd | X97: 0 | Y97: 0 | Z97: 0 | AA97: 0 | AB97: 0 | AC97: 0 | AD97: 0 | AE97: 0 | AF97: 0 | AG97: 0 | AH97: Prensa | AI97: Antena 3 | AK97: https://www.antena3.com/noticias/sociedad/peces-raya_201808085b6ac35a0cf227b4079e0488.html
A98: P_violacea_447 | B98: 43320 | C98: Verano | D98: nd | E98: Cala Ferriol | F98: Girona | G98: Cataluña | H98: 42.085303 | I98: 3.195741 | J98: 1 | K98: 1 | L98: 0 | M98: 0 | N98: Si | O98: 0 | P98: 1 | Q98: 0 | R98: 1 | S98: 0 | T98: 0 | U98: 0 | V98: 0 | W98: nd | X98: 1 | Y98: 0 | Z98: 0 | AA98: 0 | AB98: 0 | AC98: 0 | AD98: 0 | AE98: 0 | AF98: 0 | AG98: 1 | AH98: Redes Sociales | AI98: Instagram | AK98: https://www.instagram.com/p/BmREcOvF1cP | AL98: Se ve algo delgada, postparto quizás?
A99: P_violacea_089 | B99: 43322 | C99: Verano | D99: nd | E99: Platja de Garbet | F99: Girona | G99: Cataluña | H99: 42.392961 | I99: 3.1559426 | J99: 1 | K99: 1 | L99: 0 | M99: 0 | N99: nd | O99: 0 | P99: 0 | Q99: 1 | R99: 0 | S99: 0 | T99: 0 | U99: 0 | V99: 1 | W99: nd | X99: 0 | Y99: 0 | Z99: 0 | AA99: 0 | AB99: 0 | AC99: 0 | AD99: 0 | AE99: 0 | AF99: 0 | AG99: 0 | AH99: Redes Sociales | AI99: Instagram | AK99: https://www.instagram.com/p/BmS64hanr6G/
A100: P_violacea_090 | B100: 43322 | C100: Verano | D100: nd | E100: Platja del Garbet | F100: Girona | G100: Cataluña | H100: 42.392887 | I100: 3.1549892 | J100: 1 | K100: 1 | L100: 0 | M100: 0 | N100: nd | O100: 0 | P100: 0 | Q100: 1 | R100: 0 | S100: 0 | T100: 0 | U100: 0 | V100: 1 | W100: nd | X100: 0 | Y100: 0 | Z100: 0 | AA100: 0 | AB100: 0 | AC100: 0 | AD100: 0 | AE100: 0 | AF100: 0 | AG100: 0 | AH100: Redes Sociales | AI100: Instagram | AK100: www.instagram.com/p/BmT8XTVnmen
...

Sheet Info_heridas
B2: Cosas a tener en cuenta para hacer en relación a las heridas

Sheet P_violacea_Heridas
A1: ID | B1: Fecha | C1: Estación | D1: Hora | E1: Ubicación | F1: Provincia | G1: Com_Autónoma | H1: Lat | I1: Long | J1: Inds | K1: Viva | L1: Muerta | M1: nd | N1: Heridas | O1: M_sex_SI | P1: H_sex_SI | Q1: nd_sex_SI | R1: M_sex_NO | S1: H_sex_NO | T1: nd_sex_NO | U1: Adult_SI | V1: Juv_SI | W1: New_SI | X1: Emb_SI | Y1: nd_SI | Z1: Adult_NO | AA1: Juv_NO | AB1: New_NO | AC1: Emb_NO | AD1: nd_NO | AE1: DW | AF1: N_heridas | AG1: Cabeza | AH1: Ala_izq | AI1: Ala_drch | AJ1: Dorso | AK1: Cola | AL1: Abdomen | AM1: Otros | AN1: Tipo | AO1: Severidad | AP1: Estado_ctrz | AQ1: Simetría | AR1: Obs_heridas | AS1: Fuente_tipo | AT1: Fuente | AU1: Link | AV1: Observaciones generales
A2: P_violacea_001 | B2: 45810 | C2: Verano | D2: nd | E2: Cala Vedella, Sant Josep (Ibiza) | F2: Islas Baleares | G2: Islas Baleares | H2: 38.913877 | I2: 1.2235663 | J2: 1 | K2: 1 | L2: 0 | M2: 0 | N2: No | O2: 0 | P2: 0 | Q2: 0 | R2: 0 | S2: 0 | T2: 1 | U2: 0 | V2: 0 | W2: 0 | X2: 0 | Y2: 0 | Z2: 0 | AA2: 0 | AB2: 0 | AC2: 0 | AD2: 1 | AE2: nd | AF2: NA | AS2: Redes Sociales | AT2: Instagram | AU2: https://www.instagram.com/reel/DKZbKj5tjsB/?igsh=d2xnbDBsM2FpaXRw | AV2: En orilla de la playa, aguas muy someras
A3: P_violacea_002 | B3: 45511 | C3: Verano | D3: 0.46319444 | E3: Marina Alta | F3: Alicante | G3: Comunidad Valenciana | H3: 38.664443 | I3: 0.16454548 | J3: 1 | K3: 1 | L3: 0 | M3: 0 | N3: Si | O3: 0 | P3: 1 | Q3: 0 | R3: 0 | S3: 0 | T3: 0 | U3: 1 | V3: 0 | W3: 0 | X3: 0 | Y3: 0 | Z3: 0 | AA3: 0 | AB3: 0 | AC3: 0 | AD3: 0 | AE3: nd | AF3: =SUM(AH3:AL3) -> 0 | AS3: Database | AT3: GBIF | AU3: https://www.inaturalist.org/observations/236888541 | AV3: Coordenadas ocultas y por ende aproximadas
A4: P_violacea_003 | B4: 45517 | C4: Verano | D4: 0.59791667 | E4: Rat-Penat | F4: Barcelona | G4: Cataluña | H4: 41.259323 | I4: 1.925179 | J4: 1 | K4: 1 | L4: 0 | M4: 0 | N4: Si | O4: 0 | P4: 1 | Q4: 0 | R4: 0 | S4: 0 | T4: 0 | U4: 1 | V4: 0 | W4: 0 | X4: 0 | Y4: 0 | Z4: 0 | AA4: 0 | AB4: 0 | AC4: 0 | AD4: 0 | AE4: nd | AF4: =SUM(AH4:AL4) -> 0 | AS4: Database | AT4: GBIF | AU4: https://www.inaturalist.org/observations/235534224 | AV4: Nadando por el puerto
A5: P_violacea_004 | B5: 45516 | C5: Verano | D5: 0.58680556 | E5: Pla de l'Avella | F5: Barcelona | G5: Cataluña | H5: 41.507573 | I5: 2.41472 | J5: 1 | K5: 1 | L5: 0 | M5: 0 | N5: Si | O5: 0 | P5: 1 | Q5: 0 | R5: 0 | S5: 0 | T5: 0 | U5: 0 | V5: 0 | W5: 0 | X5: 0 | Y5: 1 | Z5: 0 | AA5: 0 | AB5: 0 | AC5: 0 | AD5: 0 | AE5: nd | AF5: =SUM(AH5:AL5) -> 0 | AS5: Database | AT5: GBIF | AU5: https://www.inaturalist.org/observations/235315927 | AV5: Tiene la región dorsal como "hinchada"
A6: P_violacea_006 | B6: 45494 | C6: Verano | D6: 0.49652778 | E6: Garrucha | F6: Almería | G6: Andalucía | H6: 37.172542 | I6: -1.821586 | J6: 1 | K6: 1 | L6: 0 | M6: 0 | N6: Si | O6: 0 | P6: 1 | Q6: 0 | R6: 0 | S6: 0 | T6: 0 | U6: 1 | V6: 0 | W6: 0 | X6: 0 | Y6: 0 | Z6: 0 | AA6: 0 | AB6: 0 | AC6: 0 | AD6: 0 | AE6: nd | AF6: =SUM(AH6:AL6) -> 0 | AS6: Database | AT6: GBIF | AU6: https://www.inaturalist.org/observations/230749822 | AV6: It was swimming among the people unbothered and was beaching itself into the shore constantly. Any idea of what could be wrong with it??? It had a wound on the fin, seemed to be stressed or just unwell
A7: P_violacea_007 | B7: 45492 | C7: Verano | D7: 0.66041667 | E7: Playa La Roqueta, Guardamar del Segura | F7: Alicante | G7: Comunidad Valenciana | H7: 38.077839 | I7: -0.647482 | J7: 1 | K7: 1 | L7: 0 | M7: 0 | N7: No | O7: 0 | P7: 0 | Q7: 0 | R7: 0 | S7: 0 | T7: 1 | U7: 0 | V7: 0 | W7: 0 | X7: 0 | Y7: 0 | Z7: 0 | AA7: 0 | AB7: 0 | AC7: 0 | AD7: 1 | AE7: nd | AF7: NA | AS7: Database | AT7: GBIF | AU7: https://www.inaturalist.org/observations/230290665 | AV7: Muy cerca de la orilla
A8: P_violacea_011 | B8: 43672 | C8: Verano | D8: nd | E8: Cala del Bonete Grande | F8: Región de Murcia | G8: Región de Murcia | H8: 37.561861 | I8: -1.119447 | J8: 1 | K8: 1 | L8: 0 | M8: 0 | N8: Si | O8: 0 | P8: 1 | Q8: 0 | R8: 0 | S8: 0 | T8: 0 | U8: 1 | V8: 0 | W8: 0 | X8: 0 | Y8: 0 | Z8: 0 | AA8: 0 | AB8: 0 | AC8: 0 | AD8: 0 | AE8: nd | AF8: =SUM(AH8:AL8) -> 0 | AS8: Database | AT8: GBIF | AU8: https://observation.org/observation/297113619/
A9: P_violacea_012 | B9: 41508 | C9: Verano | D9: nd | E9: Cala Santanyí | F9: Islas Baleares | G9: Islas Baleares | H9: 39.322646 | I9: 3.1462631 | J9: 1 | K9: 0 | L9: 0 | M9: 1 | N9: No | O9: 0 | P9: 0 | Q9: 0 | R9: 0 | S9: 1 | T9: 0 | U9: 0 | V9: 0 | W9: 0 | X9: 0 | Y9: 0 | Z9: 1 | AA9: 0 | AB9: 0 | AC9: 0 | AD9: 0 | AE9: nd | AF9: NA | AS9: Database | AT9: GBIF | AU9: https://observation.org/observation/297108565/
A10: P_violacea_016 | B10: 44359 | C10: Verano | D10: 0.72083333 | E10: Portocolom | F10: Islas Baleares | G10: Islas Baleares | H10: 39.417119 | I10: 3.2616092 | J10: 1 | K10: 1 | L10: 0 | M10: 0 | N10: No | O10: 0 | P10: 0 | Q10: 0 | R10: 0 | S10: 0 | T10: 1 | U10: 0 | V10: 0 | W10: 0 | X10: 0 | Y10: 0 | Z10: 0 | AA10: 0 | AB10: 0 | AC10: 0 | AD10: 1 | AE10: nd | AF10: NA | AS10: Database | AT10: GBIF | AU10: https://www.inaturalist.org/observations/164288148 | AV10: Descansando sobre fondo arenoso
A11: P_violacea_017 | B11: 44037 | C11: Verano | D11: 0.56875 | E11: Ensenada de los Berengueles | F11: Granada | G11: Andalucía | H11: 36.72126 | I11: -3.72744 | J11: 1 | K11: 1 | L11: 0 | M11: 0 | N11: No | O11: 0 | P11: 0 | Q11: 0 | R11: 0 | S11: 1 | T11: 0 | U11: 0 | V11: 0 | W11: 0 | X11: 0 | Y11: 0 | Z11: 0 | AA11: 0 | AB11: 0 | AC11: 0 | AD11: 1 | AE11: nd | AF11: NA | AS11: Database | AT11: GBIF | AU11: https://www.inaturalist.org/observations/143898564 | AV11: Parece tener la región dorsal laterlamente "hinchada"
A12: P_violacea_018 | B12: 44762 | C12: Verano | D12: 0.42152778 | E12: Platja Grifeu | F12: Girona | G12: Cataluña | H12: 42.38658 | I12: 3.164809 | J12: 1 | K12: 1 | L12: 0 | M12: 0 | N12: Si | O12: 0 | P12: 0 | Q12: 1 | R12: 0 | S12: 0 | T12: 0 | U12: 0 | V12: 0 | W12: 0 | X12: 0 | Y12: 1 | Z12: 0 | AA12: 0 | AB12: 0 | AC12: 0 | AD12: 0 | AE12: nd | AF12: =SUM(AH12:AL12) -> 0 | AS12: Database | AT12: GBIF | AU12: https://www.inaturalist.org/observations/127125698
A13: P_violacea_019 | B13: 42385 | C13: Invierno | D13: 0.86041667 | F13: Islas Baleares | G13: Islas Baleares | H13: 38.632002 | I13: 0.78201 | J13: 1 | K13: 1 | L13: 0 | M13: 0 | N13: No | O13: 0 | P13: 0 | Q13: 0 | R13: 0 | S13: 0 | T13: 1 | U13: 0 | V13: 0 | W13: 0 | X13: 0 | Y13: 0 | Z13: 0 | AA13: 0 | AB13: 0 | AC13: 0 | AD13: 1 | AE13: nd | AF13: NA | AS13: Database | AT13: GBIF
A14: P_violacea_020 | B14: 44023 | C14: Verano | D14: nd | E14: Cala en Basset | F14: Islas Baleares | G14: Islas Baleares | H14: 39.597 | I14: 2.3526 | J14: 1 | K14: 1 | L14: 0 | M14: 0 | N14: Si | O14: 0 | P14: 0 | Q14: 1 | R14: 0 | S14: 0 | T14: 0 | U14: 0 | V14: 0 | W14: 0 | X14: 0 | Y14: 1 | Z14: 0 | AA14: 0 | AB14: 0 | AC14: 0 | AD14: 0 | AE14: nd | AF14: =SUM(AH14:AL14) -> 0 | AS14: Database | AT14: Obsdelmar | AU14: https://www.observadoresdelmar.es/Observations/214758 | AV14: Tiene la región dorsal como "hinchada" lateralmente
A15: P_violacea_022 | B15: 43333 | C15: Verano | D15: nd | E15: Arenales del Sol | F15: Alicante | G15: Comunidad Valenciana | H15: 38.2587 | I15: -0.5154 | J15: 1 | K15: 1 | L15: 0 | M15: 0 | N15: No | O15: 0 | P15: 0 | Q15: 0 | R15: 0 | S15: 0 | T15: 1 | U15: 0 | V15: 0 | W15: 0 | X15: 0 | Y15: 0 | Z15: 0 | AA15: 0 | AB15: 0 | AC15: 0 | AD15: 1 | AE15: nd | AF15: NA | AS15: Database | AT15: Obsdelmar | AU15: https://www.observadoresdelmar.es/Observations/213426
A16: P_violacea_023 | B16: 43317 | C16: Verano | D16: nd | E16: Bellavista | F16: Islas Baleares | G16: Islas Baleares | H16: 39.4804 | I16: 2.7277 | J16: 1 | K16: 1 | L16: 0 | M16: 0 | N16: Si | O16: 0 | P16: 1 | Q16: 0 | R16: 0 | S16: 0 | T16: 0 | U16: 0 | V16: 0 | W16: 0 | X16: 0 | Y16: 1 | Z16: 0 | AA16: 0 | AB16: 0 | AC16: 0 | AD16: 0 | AE16: nd | AF16: =SUM(AH16:AL16) -> 0 | AS16: Database | AT16: Obsdelmar | AU16: https://www.observadoresdelmar.es/Observations/210579
A17: P_violacea_025 | B17: 41509 | C17: Verano | D17: nd | E17: La Mata | F17: Alicante | G17: Comunidad Valenciana | H17: 38.0196 | I17: -0.6518 | J17: 1 | K17: 0 | L17: 1 | M17: 0 | N17: No | O17: 0 | P17: 0 | Q17: 0 | R17: 0 | S17: 0 | T17: 1 | U17: 0 | V17: 0 | W17: 0 | X17: 0 | Y17: 0 | Z17: 0 | AA17: 1 | AB17: 0 | AC17: 0 | AD17: 0 | AE17: nd | AF17: NA | AS17: Database | AT17: Obsdelmar | AU17: https://www.observadoresdelmar.es/Observations/213424 | AV17: Se ve muy pequeño y se puede estimar tamaño
A18: P_violacea_026 | B18: 43330 | C18: Verano | D18: nd | E18: San Francesc de s'Estany | F18: Islas Baleares | G18: Islas Baleares | H18: 38.833 | I18: 1.3903 | J18: 1 | K18: 1 | L18: 0 | M18: 0 | N18: Si | O18: 0 | P18: 1 | Q18: 0 | R18: 0 | S18: 0 | T18: 0 | U18: 1 | V18: 0 | W18: 0 | X18: 0 | Y18: 0 | Z18: 0 | AA18: 0 | AB18: 0 | AC18: 0 | AD18: 0 | AE18: nd | AF18: =SUM(AH18:AL18) -> 0 | AS18: Database | AT18: Obsdelmar | AU18: https://www.observadoresdelmar.es/Observations/210182 | AV18: Hola de nuevo! Os vuelvo a escribir ya que hoy estando en Ses Salines ( Ibiza) hemos estado con una raya que estaba como a un metro de profundidad donde había unos 10 metros, todo el rato estaba con nosotros cosa extraña pero pensábamos q las aletas le hacían gracia, tengo fotos y vídeos con ella pero el programa no me deja agregar más de una foto. Lo raro es que al rato hemos divisas otra raya diferente desde el barco en la misma zona aunque esta parecía enferma y estaba todo el rato en superficie y tenía señales de herida, no se si están ahí por un casual o realmente están enfermas por alguna razón. No se que puedo hacer al respecto por eso os escribo y espero que me respondan porque me he ido del lugar preocupada ya que seguía una de ella por superficie. Muchas gracias.,Hola Monica,<br /> Esta raya es una raya látigo violeta, es habitual verlas mar adentro pero en su período reproductivo tienden a acercarse a la costa. Si te fijas bien la raya de la foto tiene una mancha blanca, seguramente provocada por el macho en el momento del apareamiento, lo que también explicaría el extraño comportamiento que describes, <br /> <br /> saludos y muchas gracias por tu observación!<br /> <br /> Claudio
A19: P_violacea_027 | B19: 43328 | C19: Verano | D19: nd | E19: Torredembarra | F19: Tarragona | G19: Cataluña | H19: 41.1436 | I19: 1.4147 | J19: 1 | K19: 1 | L19: 0 | M19: 0 | N19: No | O19: 0 | P19: 0 | Q19: 0 | R19: 1 | S19: 0 | T19: 0 | U19: 0 | V19: 0 | W19: 0 | X19: 0 | Y19: 0 | Z19: 1 | AA19: 0 | AB19: 0 | AC19: 0 | AD19: 0 | AE19: nd | AF19: NA | AS19: Database | AT19: Obsdelmar | AU19: https://www.observadoresdelmar.es/Observations/210173 | AV19: Nedant per fons sorrenc i entre dues barres de roques.,Muchas gracias Pere,<br /> <br /> Podrías enviarme la foto a mi correo por favor, creo que es un macho pero no lo puedo ver desde aquí,<br /> <br /> muchas gracias!<br /> <br /> Claudio
A20: P_violacea_028 | B20: 42595 | C20: Verano | D20: nd | E20: Sa Tuna | F20: Girona | G20: Cataluña | H20: 41.9601 | I20: 3.2315 | J20: 1 | K20: 1 | L20: 0 | M20: 0 | N20: Si | O20: 0 | P20: 1 | Q20: 0 | R20: 0 | S20: 0 | T20: 0 | U20: 1 | V20: 0 | W20: 0 | X20: 0 | Y20: 0 | Z20: 0 | AA20: 0 | AB20: 0 | AC20: 0 | AD20: 0 | AE20: nd | AF20: =SUM(AH20:AL20) -> 0 | AS20: Database | AT20: Obsdelmar | AU20: https://www.observadoresdelmar.es/Observations/206216 | AV20: Tengo alguna foto más. No estoy al 100% seguro de que sea esta especie,Muchas gracias Juan! He validado la especie en base a las otras fotos que me mandaste. Tu observación ha sido fundamental para poder confirmar la presencia de esta especie en la Costa Brava: este es el principal valor de "Observadores del mar"! Confirmaría que esta especie se ha dejado ver mucho más al norte y mucho más frecuentemente que nunca en aguas litorales del Mediterráneo noroccidental.
A21: P_violacea_029 | B21: 43328 | C21: Verano | D21: nd | E21: La Azohía | F21: Región de Murcia | G21: Región de Murcia | H21: 37.5526 | I21: -1.1784 | J21: 2 | K21: 2 | L21: 0 | M21: 0 | N21: No | O21: 0 | P21: 0 | Q21: 0 | R21: 1 | S21: 1 | T21: 0 | U21: 0 | V21: 0 | W21: 0 | X21: 0 | Y21: 0 | Z21: 2 | AA21: 0 | AB21: 0 | AC21: 0 | AD21: 0 | AE21: nd | AF21: NA | AS21: Database | AT21: Obsdelmar | AU21: https://www.observadoresdelmar.es/Observations/213425 | AV21: Apareamiento
A22: P_violacea_030 | B22: 41136 | C22: Verano | D22: nd | E22: Torrevieja | F22: Alicante | G22: Comunidad Valenciana | H22: 38.006 | I22: -0.6494 | J22: 1 | K22: 1 | L22: 0 | M22: 0 | N22: Si | O22: 0 | P22: 0 | Q22: 1 | R22: 0 | S22: 0 | T22: 0 | U22: 0 | V22: 0 | W22: 1 | X22: 0 | Y22: 0 | Z22: 0 | AA22: 0 | AB22: 0 | AC22: 0 | AD22: 0 | AE22: nd | AF22: =SUM(AH22:AL22) -> 0 | AS22: Database | AT22: Obsdelmar | AU22: https://www.observadoresdelmar.es/Observations/213423 | AV22: Es MUY pequeño y gran herida
A23: P_violacea_031 | B23: 42159 | C23: Verano | D23: nd | E23: Torrevieja | F23: Alicante | G23: Comunidad Valenciana | H23: 37.9854 | I23: -0.6054 | J23: 1 | K23: 0 | L23: 1 | M23: 0 | N23: Si | O23: 0 | P23: 0 | Q23: 1 | R23: 0 | S23: 0 | T23: 0 | U23: 1 | V23: 0 | W23: 0 | X23: 0 | Y23: 0 | Z23: 0 | AA23: 0 | AB23: 0 | AC23: 0 | AD23: 0 | AE23: nd | AF23: =SUM(AH23:AL23) -> 0 | AS23: Database | AT23: Obsdelmar | AU23: https://marineinfo.org/id/dataset/6526 | AV23: Tamaño estimado 70-80 cm<br /> Peso estimado 20 kg,Hola J. Antonio, muchas gracias por tu observación. Esta es una especie muy interesante, de la cual no hay muchos reportes en estas costas, si puedes enviarme más fotos estaría muy bien, saludos
A24: P_violacea_032 | B24: 43303 | C24: Verano | D24: nd | E24: Cap de Formentor | F24: Islas Baleares | G24: Islas Baleares | H24: 39.9629 | I24: 3.2107 | J24: 1 | K24: 1 | L24: 0 | M24: 0 | N24: Si | O24: 0 | P24: 1 | Q24: 0 | R24: 0 | S24: 0 | T24: 0 | U24: 0 | V24: 0 | W24: 0 | X24: 0 | Y24: 1 | Z24: 0 | AA24: 0 | AB24: 0 | AC24: 0 | AD24: 0 | AE24: nd | AF24: =SUM(AH24:AL24) -> 0 | AS24: Database | AT24: Obsdelmar | AU24: https://www.observadoresdelmar.es/Observations/210402 | AV24: Foto de Gregor Schlüter,Muchas gracias por esta observación Tramuntana Diving! Esta especie es muy importante en nuestro #retoraya ya que podría ser indicadora del cambio climático,<br /> <br /> saludos<br /> <br /> Claudio
A25: P_violacea_033 | B25: 43997 | C25: Verano | D25: nd | E25: Águilas | F25: Región de Murcia | G25: Región de Murcia | H25: 37.4115 | I25: -1.5587 | J25: 1 | K25: 1 | L25: 0 | M25: 0 | N25: Si | O25: 0 | P25: 1 | Q25: 0 | R25: 0 | S25: 0 | T25: 0 | U25: 1 | V25: 0 | W25: 0 | X25: 0 | Y25: 0 | Z25: 0 | AA25: 0 | AB25: 0 | AC25: 0 | AD25: 0 | AE25: nd | AF25: =SUM(AH25:AL25) -> 0 | AS25: Database | AT25: Facebook | AU25: https://www.facebook.com/cronicas.naturales.torrevieja/videos/575727133369145/?t=21 | AV25: Observado y grabado por bañistas en la orilla https://www.facebook.com/cronicas.naturales.torrevieja/videos/575727133369145/?t=21,
A26: P_violacea_035 | B26: 43306 | C26: Verano | D26: nd | F26: Barcelona | G26: Cataluña | H26: 41.235883 | I26: 1.8290563 | J26: 1 | K26: 1 | L26: 0 | M26: 0 | N26: Si | O26: 0 | P26: 0 | Q26: 1 | R26: 0 | S26: 0 | T26: 0 | U26: 0 | V26: 0 | W26: 0 | X26: 0 | Y26: 1 | Z26: 0 | AA26: 0 | AB26: 0 | AC26: 0 | AD26: 0 | AE26: nd | AF26: =SUM(AH26:AL26) -> 0 | AS26: Database | AT26: Obsdelmar | AU26: https://www.observadoresdelmar.es/Observations/210025 | AV26: Tiene coords raras (40.9790000, 1.9335000)... lo he aproximado a BCN/Garraf que es el punto de costa más cercano porque a 1 metro en alta mar es imposible! Comentario obsdelmar: Lo he puesto en conocimiento del 112 por si la raya sufria algun daño de las personas o las personas de la raya ,ya que estaba en la misma orilla con solo medio metro de profundidad,mide algo mas de un metro con cola incluida,Hola Genoveva,<br /> <br /> Muchas gracias por observación, es muy interesante!. A pesar de que se han avistado muchas rayas de esta especie este verano, es la primera observación de una raya en estas condiciones, una pena. <br /> <br /> saludos<br /> <br /> Claudio
A27: P_violacea_036 | B27: 44035 | C27: Verano | D27: 0.47638889 | E27: La Almadraba de Monteleva | F27: Almería | G27: Andalucía | H27: 36.723761 | I27: -2.194025 | J27: 1 | K27: 1 | L27: 0 | M27: 0 | N27: Si | O27: 0 | P27: 1 | Q27: 0 | R27: 0 | S27: 0 | T27: 0 | U27: 1 | V27: 0 | W27: 0 | X27: 0 | Y27: 0 | Z27: 0 | AA27: 0 | AB27: 0 | AC27: 0 | AD27: 0 | AE27: nd | AF27: =SUM(AH27:AL27) -> 0 | AS27: Database | AT27: GBIF | AU27: https://www.inaturalist.org/observations/92599368
A28: P_violacea_037 | B28: 42917 | C28: Verano | D28: 0.37083333 | E28: Cala Montjoi | F28: Girona | G28: Cataluña | H28: 42.249115 | I28: 3.227598 | J28: 1 | K28: 1 | L28: 0 | M28: 0 | N28: Si | O28: 0 | P28: 0 | Q28: 1 | R28: 0 | S28: 0 | T28: 0 | U28: 0 | V28: 0 | W28: 0 | X28: 0 | Y28: 1 | Z28: 0 | AA28: 0 | AB28: 0 | AC28: 0 | AD28: 0 | AE28: nd | AF28: =SUM(AH28:AL28) -> 0 | AS28: Database | AT28: GBIF | AU28: https://www.inaturalist.org/observations/90363596 | AV28: Tiene la región dorsal como "hinchada"
A29: P_violacea_038 | B29: 43317 | C29: Verano | D29: 0.90347222 | E29: Sóller | F29: Islas Baleares | G29: Islas Baleares | H29: 39.800228 | I29: 2.6855915 | J29: 1 | K29: 1 | L29: 0 | M29: 0 | N29: Si | O29: 0 | P29: 0 | Q29: 1 | R29: 0 | S29: 0 | T29: 0 | U29: 1 | V29: 0 | W29: 0 | X29: 0 | Y29: 0 | Z29: 0 | AA29: 0 | AB29: 0 | AC29: 0 | AD29: 0 | AE29: nd | AF29: =SUM(AH29:AL29) -> 0 | AS29: Database | AT29: GBIF | AU29: https://www.inaturalist.org/observations/15205269
A30: P_violacea_039 | B30: 44022 | C30: Verano | D30: 0.5625 | E30: Cala la Tía Antonia | F30: Almería | G30: Andalucía | H30: 37.357948 | I30: -1.662135 | J30: 1 | K30: 1 | L30: 0 | M30: 0 | N30: Si | O30: 0 | P30: 1 | Q30: 0 | R30: 0 | S30: 0 | T30: 0 | U30: 1 | V30: 0 | W30: 0 | X30: 0 | Y30: 0 | Z30: 0 | AA30: 0 | AB30: 0 | AC30: 0 | AD30: 0 | AE30: nd | AF30: =SUM(AH30:AL30) -> 0 | AS30: Database | AT30: GBIF | AU30: https://www.inaturalist.org/observations/52570881
A31: P_violacea_040 | B31: 42596 | C31: Verano | D31: 0.90277778 | E31: Islas Columbretes | F31: Castellón | G31: Comunidad Valenciana | H31: 39.881657 | I31: 0.672749 | J31: 1 | K31: 1 | L31: 0 | M31: 0 | N31: Si | O31: 0 | P31: 1 | Q31: 0 | R31: 0 | S31: 0 | T31: 0 | U31: 1 | V31: 0 | W31: 0 | X31: 0 | Y31: 0 | Z31: 0 | AA31: 0 | AB31: 0 | AC31: 0 | AD31: 0 | AE31: nd | AF31: =SUM(AH31:AL31) -> 0 | AS31: Database | AT31: GBIF | AU31: https://www.inaturalist.org/observations/3968440
A32: P_violacea_042 | B32: 41506 | C32: Verano | D32: nd | E32: Islas Columbretes | F32: Castellón | G32: Comunidad Valenciana | H32: 39.890047 | I32: 0.66895061 | J32: 1 | K32: 1 | L32: 0 | M32: 0 | N32: Si | O32: 0 | P32: 1 | Q32: 0 | R32: 0 | S32: 0 | T32: 0 | U32: 1 | V32: 0 | W32: 0 | X32: 0 | Y32: 0 | Z32: 0 | AA32: 0 | AB32: 0 | AC32: 0 | AD32: 0 | AE32: nd | AF32: =SUM(AH32:AL32) -> 0 | AS32: Redes Sociales | AT32: YouTube | AU32: https://www.youtube.com/watch?v=FTKvVXQBYJ8 | AV32: Parece que está embarazada!
A33: P_violacea_043 | B33: 42573 | C33: Verano | D33: nd | E33: Enix | F33: Almería | G33: Andalucía | H33: 36.817942 | I33: -2.5332835 | J33: 2 | K33: 2 | L33: 0 | M33: 0 | N33: No | O33: 0 | P33: 0 | Q33: 0 | R33: 1 | S33: 1 | T33: 0 | U33: 0 | V33: 0 | W33: 0 | X33: 0 | Y33: 0 | Z33: 2 | AA33: 0 | AB33: 0 | AC33: 0 | AD33: 0 | AE33: nd | AF33: NA | AS33: Redes Sociales | AT33: Vimeo | AU33: https://vimeo.com/175886064 | AV33: Apareamiento
A34: P_violacea_044 | B34: 42581 | C34: Verano | D34: nd | E34: Moraira | F34: Alicante | G34: Comunidad Valenciana | H34: 38.685822 | I34: 0.15444061 | J34: 1 | K34: 1 | L34: 0 | M34: 0 | N34: Si | O34: 0 | P34: 1 | Q34: 0 | R34: 0 | S34: 0 | T34: 0 | U34: 1 | V34: 0 | W34: 0 | X34: 0 | Y34: 0 | Z34: 0 | AA34: 0 | AB34: 0 | AC34: 0 | AD34: 0 | AE34: nd | AF34: =SUM(AH34:AL34) -> 0 | AS34: Redes Sociales | AT34: Facebook | AU34: www.facebook.com/L.Elasmogrup/posts/542435975957971 | AV34: Embarazada
A35: P_violacea_045 | B35: 42581 | C35: Verano | D35: nd | E35: Santa Margalida | F35: Islas Baleares | G35: Islas Baleares | H35: 39.776234 | I35: 3.1497189 | J35: 1 | K35: 1 | L35: 0 | M35: 0 | N35: No | O35: 0 | P35: 0 | Q35: 0 | R35: 0 | S35: 0 | T35: 1 | U35: 0 | V35: 0 | W35: 0 | X35: 0 | Y35: 0 | Z35: 1 | AA35: 0 | AB35: 0 | AC35: 0 | AD35: 0 | AE35: nd | AF35: NA | AS35: Redes Sociales | AT35: Twitter | AU35: https://twitter.com/irenina14/status/759349778249572352 | AV35: En playa y fue reorientada
A36: P_violacea_047 | B36: 42590 | C36: Verano | D36: nd | E36: Barcelona | F36: Barcelona | G36: Cataluña | H36: 41.378808 | I36: 2.1949402 | J36: 1 | K36: 1 | L36: 0 | M36: 0 | N36: No | O36: 0 | P36: 0 | Q36: 0 | R36: 0 | S36: 1 | T36: 0 | U36: 0 | V36: 0 | W36: 0 | X36: 0 | Y36: 0 | Z36: 1 | AA36: 0 | AB36: 0 | AC36: 0 | AD36: 0 | AE36: nd | AF36: NA | AS36: Redes Sociales | AT36: Twitter | AU36: https://twitter.com/rtvenoticies/status/762408730164072448
A37: P_violacea_050 | B37: 42963 | C37: Verano | D37: nd | E37: Caldas de Estrach | F37: Barcelona | G37: Cataluña | H37: 41.566685 | I37: 2.5254423 | J37: 1 | K37: 1 | L37: 0 | M37: 0 | N37: Si | O37: 0 | P37: 0 | Q37: 1 | R37: 0 | S37: 0 | T37: 0 | U37: 0 | V37: 0 | W37: 0 | X37: 0 | Y37: 1 | Z37: 0 | AA37: 0 | AB37: 0 | AC37: 0 | AD37: 0 | AE37: nd | AF37: =SUM(AH37:AL37) -> 0 | AS37: Redes Sociales | AT37: Instagram | AU37: https://www.instagram.com/p/BX21NNjBey0/ | AV37: Cola pelada y parece mostrar estrés al "comprimir" el disco o es la sensación que da. Movimientos erráticos y varamientos en playa
A38: P_violacea_052 | B38: 43225 | C38: Primavera | D38: nd | E38: Playa Arrabassada | F38: Tarragona | G38: Cataluña | H38: 41.118889 | I38: 1.2781905 | J38: 1 | K38: 1 | L38: 0 | M38: 0 | N38: No | O38: 0 | P38: 0 | Q38: 0 | R38: 0 | S38: 0 | T38: 1 | U38: 0 | V38: 0 | W38: 0 | X38: 0 | Y38: 0 | Z38: 0 | AA38: 0 | AB38: 0 | AC38: 0 | AD38: 1 | AE38: nd | AF38: NA | AS38: Redes Sociales | AT38: Instagram | AU38: www.instagram.com/p/BmAtL64jV7m
A39: P_violacea_053 | B39: 43300 | C39: Verano | D39: nd | E39: Llançà | F39: Girona | G39: Cataluña | H39: 42.361303 | I39: 3.1661867 | J39: 1 | K39: 1 | L39: 0 | M39: 0 | N39: Si | O39: 0 | P39: 1 | Q39: 0 | R39: 0 | S39: 0 | T39: 0 | U39: 1 | V39: 0 | W39: 0 | X39: 0 | Y39: 0 | Z39: 0 | AA39: 0 | AB39: 0 | AC39: 0 | AD39: 0 | AE39: nd | AF39: =SUM(AH39:AL39) -> 0 | AS39: Redes Sociales | AT39: Instagram | AU39: www.instagram.com/p/Blamn6VnUT_
A40: P_violacea_057 | B40: 43309 | C40: Verano | D40: nd | E40: Cólera | F40: Girona | G40: Cataluña | H40: 42.405056 | I40: 3.1573966 | J40: 1 | K40: 1 | L40: 0 | M40: 0 | N40: Si | O40: 0 | P40: 0 | Q40: 1 | R40: 0 | S40: 0 | T40: 0 | U40: 1 | V40: 0 | W40: 0 | X40: 0 | Y40: 0 | Z40: 0 | AA40: 0 | AB40: 0 | AC40: 0 | AD40: 0 | AE40: nd | AF40: =SUM(AH40:AL40) -> 0 | AS40: Redes Sociales | AT40: Instagram | AU40: www.instagram.com/p/BlyYoZhAZdc
A41: P_violacea_058 | B41: 43310 | C41: Verano | D41: nd | E41: Portbou | F41: Girona | G41: Cataluña | H41: 42.428212 | I41: 3.165155 | J41: 1 | K41: 1 | L41: 0 | M41: 0 | N41: No | O41: 0 | P41: 0 | Q41: 0 | R41: 0 | S41: 0 | T41: 1 | U41: 0 | V41: 0 | W41: 0 | X41: 0 | Y41: 0 | Z41: 1 | AA41: 0 | AB41: 0 | AC41: 0 | AD41: 0 | AE41: nd | AF41: NA | AS41: Redes Sociales | AT41: Instagram | AU41: www.instagram.com/p/Bl0z5khFRiV
A42: P_violacea_060 | B42: 43311 | C42: Verano | D42: nd | E42: Portbou | F42: Girona | G42: Cataluña | H42: 42.428212 | I42: 3.165155 | J42: 2 | K42: 2 | L42: 0 | M42: 0 | N42: Si/No | O42: 0 | P42: 0 | Q42: 1 | R42: 0 | S42: 0 | T42: 1 | U42: 0 | V42: 0 | W42: 0 | X42: 0 | Y42: 1 | Z42: 0 | AA42: 0 | AB42: 0 | AC42: 0 | AD42: 1 | AE42: nd | AF42: =SUM(AH42:AL42) -> 0 | AS42: Redes Sociales | AT42: Facebook | AU42: https://www.facebook.com/enric.e.rovira/posts/10216189025339313 | AV42: Creo que la publicación son 2 ejemplares diferentes porque una tiene herida y otra no en la misma aleta. Curiosamente una foto de una violacea en el fondo semienterrada
A43: P_violacea_061 | B43: 43313 | C43: Verano | D43: nd | E43: Roses | F43: Girona | G43: Cataluña | H43: 42.262452 | I43: 3.1720994 | J43: 1 | K43: 1 | L43: 0 | M43: 0 | N43: No | O43: 0 | P43: 0 | Q43: 0 | R43: 0 | S43: 1 | T43: 0 | U43: 0 | V43: 0 | W43: 0 | X43: 0 | Y43: 0 | Z43: 0 | AA43: 0 | AB43: 0 | AC43: 0 | AD43: 1 | AE43: nd | AF43: NA | AS43: Redes Sociales | AT43: Twitter | AU43: https://twitter.com/LluciGarcia/status/1024667361222316033
A44: P_violacea_063 | B44: 43314 | C44: Verano | D44: nd | E44: Pineda de Mar | F44: Barcelona | G44: Cataluña | H44: 41.618486 | I44: 2.6887821 | J44: 1 | K44: 1 | L44: 0 | M44: 0 | N44: Si | O44: 0 | P44: 1 | Q44: 0 | R44: 0 | S44: 0 | T44: 0 | U44: 1 | V44: 0 | W44: 0 | X44: 0 | Y44: 0 | Z44: 0 | AA44: 0 | AB44: 0 | AC44: 0 | AD44: 0 | AE44: nd | AF44: =SUM(AH44:AL44) -> 0 | AS44: Redes Sociales | AT44: Twitter | AU44: https://twitter.com/alcantara_alb/status/1025004484844572672
A45: P_violacea_065 | B45: 43315 | C45: Verano | D45: nd | E45: Platja de Segur de Calafell | F45: Tarragona | G45: Cataluña | H45: 41.187794 | I45: 1.6014574 | J45: 1 | K45: 1 | L45: 0 | M45: 0 | N45: Si | O45: 0 | P45: 1 | Q45: 0 | R45: 0 | S45: 0 | T45: 0 | U45: 0 | V45: 0 | W45: 0 | X45: 0 | Y45: 1 | Z45: 0 | AA45: 0 | AB45: 0 | AC45: 0 | AD45: 0 | AE45: nd | AF45: =SUM(AH45:AL45) -> 0 | AS45: Redes Sociales | AT45: Instagram | AU45: www.instagram.com/p/Bl-wlDkDqUl
A46: P_violacea_069 | B46: 43316 | C46: Verano | D46: nd | E46: Platja de Garbet | F46: Girona | G46: Cataluña | H46: 42.392961 | I46: 3.1559426 | J46: 1 | K46: 1 | L46: 0 | M46: 0 | N46: No | O46: 0 | P46: 0 | Q46: 0 | R46: 0 | S46: 1 | T46: 0 | U46: 0 | V46: 0 | W46: 0 | X46: 0 | Y46: 0 | Z46: 1 | AA46: 0 | AB46: 0 | AC46: 0 | AD46: 0 | AE46: nd | AF46: NA | AS46: Redes Sociales | AT46: Instagram | AU46: www.instagram.com/p/BmBkFVLnffp | AV46: Muy cerca de la orilla
A47: P_violacea_070 | B47: 43316 | C47: Verano | D47: nd | E47: Torredembara | F47: Tarragona | G47: Cataluña | H47: 41.141815 | I47: 1.4120187 | J47: 1 | K47: 1 | L47: 0 | M47: 0 | N47: Si | O47: 0 | P47: 0 | Q47: 1 | R47: 0 | S47: 0 | T47: 0 | U47: 0 | V47: 0 | W47: 0 | X47: 0 | Y47: 1 | Z47: 0 | AA47: 0 | AB47: 0 | AC47: 0 | AD47: 0 | AE47: nd | AF47: =SUM(AH47:AL47) -> 0 | AS47: Redes Sociales | AT47: Instagram | AU47: www.instagram.com/p/BmD9X8cg8l5
A48: P_violacea_071 | B48: 43316 | C48: Verano | D48: nd | E48: Portbou | F48: Girona | G48: Cataluña | H48: 42.428212 | I48: 3.165155 | J48: 1 | K48: 1 | L48: 0 | M48: 0 | N48: No | O48: 0 | P48: 0 | Q48: 0 | R48: 0 | S48: 1 | T48: 0 | U48: 0 | V48: 0 | W48: 0 | X48: 0 | Y48: 0 | Z48: 1 | AA48: 0 | AB48: 0 | AC48: 0 | AD48: 0 | AE48: nd | AF48: NA | AS48: Redes Sociales | AT48: Instagram | AU48: www.instagram.com/p/BmDX4s8BfW3
A49: P_violacea_072 | B49: 43316 | C49: Verano | D49: nd | E49: Platja del Morts | F49: Girona | G49: Cataluña | H49: 42.406284 | I49: 3.1589481 | J49: 1 | K49: 1 | L49: 0 | M49: 0 | N49: Si | O49: 0 | P49: 1 | Q49: 0 | R49: 0 | S49: 0 | T49: 0 | U49: 1 | V49: 0 | W49: 0 | X49: 0 | Y49: 0 | Z49: 0 | AA49: 0 | AB49: 0 | AC49: 0 | AD49: 0 | AE49: nd | AF49: =SUM(AH49:AL49) -> 0 | AS49: Redes Sociales | AT49: Instagram | AU49: www.instagram.com/p/BmBjf2sH5As
A50: P_violacea_073 | B50: 43316 | C50: Verano | D50: nd | E50: Platja d'Arenys | F50: Barcelona | G50: Cataluña | H50: 41.577272 | I50: 2.5528029 | J50: 1 | K50: 1 | L50: 0 | M50: 0 | N50: No | O50: 0 | P50: 0 | Q50: 0 | R50: 0 | S50: 0 | T50: 1 | U50: 0 | V50: 0 | W50: 0 | X50: 0 | Y50: 0 | Z50: 0 | AA50: 0 | AB50: 0 | AC50: 0 | AD50: 1 | AE50: nd | AF50: NA | AS50: Redes Sociales | AT50: Twitter | AU50: https://twitter.com/BeyondBCN/status/1025761056495464448 | AV50: Muy cerca de la orilla
A51: P_violacea_074 | B51: 43316 | C51: Verano | D51: nd | E51: Calella | F51: Barcelona | G51: Cataluña | H51: 41.610507 | I51: 2.6580549 | J51: 1 | K51: 1 | L51: 0 | M51: 0 | N51: Si | O51: 0 | P51: 1 | Q51: 0 | R51: 0 | S51: 0 | T51: 0 | U51: 0 | V51: 0 | W51: 0 | X51: 0 | Y51: 1 | Z51: 0 | AA51: 0 | AB51: 0 | AC51: 0 | AD51: 0 | AE51: nd | AF51: =SUM(AH51:AL51) -> 0 | AS51: Redes Sociales | AT51: Twitter | AU51: https://twitter.com/angelina_muntal/status/1025816020886466561 | AV51: Muy cerca de la orilla
A52: P_violacea_075 | B52: 43316 | C52: Verano | D52: nd | E52: Torredembara | F52: Tarragona | G52: Cataluña | H52: 41.140444 | I52: 1.4093565 | J52: 1 | K52: 1 | L52: 0 | M52: 0 | N52: Si | O52: 0 | P52: 1 | Q52: 0 | R52: 0 | S52: 0 | T52: 0 | U52: 1 | V52: 0 | W52: 0 | X52: 0 | Y52: 0 | Z52: 0 | AA52: 0 | AB52: 0 | AC52: 0 | AD52: 0 | AE52: nd | AF52: =SUM(AH52:AL52) -> 0 | AS52: Redes Sociales | AT52: Twitter | AU52: https://twitter.com/Albert_Pasto/status/1025627132553248768
A53: P_violacea_076 | B53: 43316 | C53: Verano | D53: nd | E53: Llançà | F53: Girona | G53: Cataluña | H53: 42.364489 | I53: 3.1642599 | J53: 1 | K53: 1 | L53: 0 | M53: 0 | N53: No | O53: 0 | P53: 0 | Q53: 0 | R53: 0 | S53: 0 | T53: 1 | U53: 0 | V53: 0 | W53: 0 | X53: 0 | Y53: 0 | Z53: 0 | AA53: 0 | AB53: 0 | AC53: 0 | AD53: 1 | AE53: nd | AF53: NA | AS53: Redes Sociales | AT53: Instagram | AU53: https://www.instagram.com/p/BmDzo1PA-na/
A54: P_violacea_081 | B54: 43318 | C54: Verano | D54: nd | E54: Roses | F54: Girona | G54: Cataluña | H54: 42.262452 | I54: 3.1720994 | J54: 1 | K54: 1 | L54: 0 | M54: 0 | N54: Si | O54: 0 | P54: 0 | Q54: 1 | R54: 0 | S54: 0 | T54: 0 | U54: 0 | V54: 0 | W54: 0 | X54: 0 | Y54: 1 | Z54: 0 | AA54: 0 | AB54: 0 | AC54: 0 | AD54: 0 | AE54: nd | AF54: =SUM(AH54:AL54) -> 0 | AS54: Redes Sociales | AT54: Twitter | AU54: https://twitter.com/FotosdeXavier/status/1026372679207673858
A55: P_violacea_082 | B55: 43318 | C55: Verano | D55: nd | E55: Vendrell | F55: Tarragona | G55: Cataluña | H55: 41.186018 | I55: 1.5812359 | J55: 1 | K55: 1 | L55: 0 | M55: 0 | N55: Si | O55: 0 | P55: 1 | Q55: 0 | R55: 0 | S55: 0 | T55: 0 | U55: 0 | V55: 0 | W55: 0 | X55: 0 | Y55: 1 | Z55: 0 | AA55: 0 | AB55: 0 | AC55: 0 | AD55: 0 | AE55: nd | AF55: =SUM(AH55:AL55) -> 0 | AS55: Redes Sociales | AT55: Twitter | AU55: https://twitter.com/sebas_leno/status/1026412574366154752 | AV55: Cerca de playa
A56: P_violacea_083 | B56: 43318 | C56: Verano | D56: nd | E56: Arenys de Mar | F56: Barcelona | G56: Cataluña | H56: 41.57964 | I56: 2.5688109 | J56: 1 | K56: 1 | L56: 0 | M56: 0 | N56: No | O56: 0 | P56: 0 | Q56: 0 | R56: 0 | S56: 0 | T56: 1 | U56: 0 | V56: 0 | W56: 0 | X56: 0 | Y56: 0 | Z56: 0 | AA56: 0 | AB56: 0 | AC56: 0 | AD56: 1 | AE56: nd | AF56: NA | AS56: Redes Sociales | AT56: Twitter | AU56: https://twitter.com/AjArenys/status/1026385327160795136
A57: P_violacea_086 | B57: 43320 | C57: Verano | D57: nd | E57: Port Fòrum | F57: Barcelona | G57: Cataluña | H57: 41.40715 | I57: 2.2290745 | J57: 1 | K57: 1 | L57: 0 | M57: 0 | N57: Si | O57: 0 | P57: 0 | Q57: 1 | R57: 0 | S57: 0 | T57: 0 | U57: 0 | V57: 0 | W57: 0 | X57: 0 | Y57: 1 | Z57: 0 | AA57: 0 | AB57: 0 | AC57: 0 | AD57: 0 | AE57: nd | AF57: =SUM(AH57:AL57) -> 0 | AS57: Redes Sociales | AT57: Instagram | AU57: www.instagram.com/p/BmOPh_iDWQ3
A58: P_violacea_087 | B58: 43320 | C58: Verano | D58: nd | E58: Llançà | F58: Girona | G58: Cataluña | H58: 42.374084 | I58: 3.1610113 | J58: 1 | K58: 1 | L58: 0 | M58: 0 | N58: No | O58: 0 | P58: 0 | Q58: 0 | R58: 0 | S58: 0 | T58: 1 | U58: 0 | V58: 0 | W58: 0 | X58: 0 | Y58: 0 | Z58: 0 | AA58: 0 | AB58: 0 | AC58: 0 | AD58: 1 | AE58: nd | AF58: NA | AS58: Redes Sociales | AT58: Instagram | AU58: www.instagram.com/p/BmNalzbnfaW
A59: P_violacea_091 | B59: 43325 | C59: Verano | D59: nd | E59: Blanes | F59: Girona | G59: Cataluña | H59: 41.675133 | I59: 2.8047218 | J59: 1 | K59: 1 | L59: 0 | M59: 0 | N59: Si | O59: 0 | P59: 1 | Q59: 0 | R59: 0 | S59: 0 | T59: 0 | U59: 1 | V59: 0 | W59: 0 | X59: 0 | Y59: 0 | Z59: 0 | AA59: 0 | AB59: 0 | AC59: 0 | AD59: 0 | AE59: nd | AF59: =SUM(AH59:AL59) -> 0 | AS59: Redes Sociales | AT59: YouTube | AU59: https://www.youtube.com/watch?v=eASRoCay8bM | AV59: Buena calidad de video
A60: P_violacea_092 | B60: 43326 | C60: Verano | D60: nd | E60: L'Atmella | F60: Tarragona | G60: Cataluña | H60: 40.877213 | I60: 0.79915285 | J60: 1 | K60: 1 | L60: 0 | M60: 0 | N60: Si | O60: 0 | P60: 0 | Q60: 1 | R60: 0 | S60: 0 | T60: 0 | U60: 0 | V60: 0 | W60: 0 | X60: 0 | Y60: 1 | Z60: 0 | AA60: 0 | AB60: 0 | AC60: 0 | AD60: 0 | AE60: nd | AF60: =SUM(AH60:AL60) -> 0 | AS60: Redes Sociales | AT60: Facebook | AU60: www.facebook.com/PlanctonDiving/posts/484209765323769 | AV60: Descansando sobre el fondo
A61: P_violacea_093 | B61: 43327 | C61: Verano | D61: nd | E61: Costa del Montgri | F61: Girona | G61: Cataluña | H61: 42.066712 | I61: 3.2123674 | J61: 1 | K61: 1 | L61: 0 | M61: 0 | N61: No | O61: 0 | P61: 0 | Q61: 0 | R61: 0 | S61: 1 | T61: 0 | U61: 0 | V61: 0 | W61: 0 | X61: 0 | Y61: 0 | Z61: 0 | AA61: 0 | AB61: 0 | AC61: 0 | AD61: 1 | AE61: nd | AF61: NA | AS61: Redes Sociales | AT61: YouTube | AU61: https://www.youtube.com/watch?v=W2FRi52LKNk&ab_channel=JosepMestras
A62: P_violacea_094 | B62: 43329 | C62: Verano | D62: nd | E62: Torredembara | F62: Tarragona | G62: Cataluña | H62: 41.13214 | I62: 1.3896817 | J62: 1 | K62: 1 | L62: 0 | M62: 0 | N62: No | O62: 0 | P62: 0 | Q62: 0 | R62: 0 | S62: 0 | T62: 1 | U62: 0 | V62: 0 | W62: 0 | X62: 0 | Y62: 0 | Z62: 0 | AA62: 0 | AB62: 0 | AC62: 0 | AD62: 1 | AE62: nd | AF62: NA | AS62: Redes Sociales | AT62: Twitter | AU62: https://twitter.com/AbelloPere/status/1030231294901403650
A63: P_violacea_095 | B63: 43329 | C63: Verano | D63: nd | E63: Roca Plana | F63: Tarragona | G63: Cataluña | H63: 41.127954 | I63: 1.3357569 | J63: 1 | K63: 1 | L63: 0 | M63: 0 | N63: No | O63: 0 | P63: 0 | Q63: 0 | R63: 0 | S63: 0 | T63: 1 | U63: 0 | V63: 0 | W63: 0 | X63: 0 | Y63: 0 | Z63: 0 | AA63: 0 | AB63: 0 | AC63: 0 | AD63: 1 | AE63: nd | AF63: NA | AS63: Redes Sociales | AT63: Twitter | AU63: https://twitter.com/tamborinaire/status/1030354124829806592
A64: P_violacea_097 | B64: 43337 | C64: Verano | D64: nd | E64: Caldes d'Estrac | F64: Barcelona | G64: Cataluña | H64: 41.566685 | I64: 2.5254423 | J64: 1 | K64: 1 | L64: 0 | M64: 0 | N64: No | O64: 0 | P64: 0 | Q64: 0 | R64: 0 | S64: 0 | T64: 1 | U64: 0 | V64: 0 | W64: 0 | X64: 0 | Y64: 0 | Z64: 0 | AA64: 0 | AB64: 0 | AC64: 0 | AD64: 1 | AE64: nd | AF64: NA | AS64: Redes Sociales | AT64: Twitter | AU64: https://twitter.com/Gon_CF/status/768760705852043264
A65: P_violacea_098 | B65: 43345 | C65: Verano | D65: nd | E65: Lloret de Mar | F65: Girona | G65: Cataluña | H65: 41.698467 | I65: 2.8511155 | J65: 1 | K65: 1 | L65: 0 | M65: 0 | N65: Si | O65: 0 | P65: 0 | Q65: 1 | R65: 0 | S65: 0 | T65: 0 | U65: 0 | V65: 0 | W65: 0 | X65: 0 | Y65: 1 | Z65: 0 | AA65: 0 | AB65: 0 | AC65: 0 | AD65: 0 | AE65: nd | AF65: =SUM(AH65:AL65) -> 0 | AS65: Redes Sociales | AT65: Instagram | AU65: https://www.instagram.com/p/BnOySXZhhG6/ | AV65: Semiterrada en el fondo
A66: P_violacea_100 | B66: 43354 | C66: Verano | D66: nd | E66: Sant Martí d'Empúries | F66: Girona | G66: Cataluña | H66: 42.141204 | I66: 3.1191322 | J66: 1 | K66: 1 | L66: 0 | M66: 0 | N66: No | O66: 0 | P66: 0 | Q66: 0 | R66: 0 | S66: 0 | T66: 1 | U66: 0 | V66: 0 | W66: 0 | X66: 0 | Y66: 0 | Z66: 0 | AA66: 0 | AB66: 0 | AC66: 0 | AD66: 1 | AE66: nd | AF66: NA | AS66: Redes Sociales | AT66: Twitter | AU66: https://twitter.com/jmsirvent3/status/1039457591003369472
A67: P_violacea_101 | B67: 43408 | C67: Verano | D67: nd | E67: Torredembara | F67: Tarragona | G67: Cataluña | H67: 41.140504 | I67: 1.4089214 | J67: 1 | K67: 1 | L67: 0 | M67: 0 | N67: Si | O67: 0 | P67: 0 | Q67: 1 | R67: 0 | S67: 0 | T67: 0 | U67: 0 | V67: 0 | W67: 0 | X67: 0 | Y67: 1 | Z67: 0 | AA67: 0 | AB67: 0 | AC67: 0 | AD67: 0 | AE67: nd | AF67: =SUM(AH67:AL67) -> 0 | AS67: Redes Sociales | AT67: YouTube | AU67: https://www.youtube.com/watch?v=ewKgpCyXMIM&ab_channel=Xavimoliner
A68: P_violacea_102 | B68: 43411 | C68: Otoño | D68: nd | E68: Cabo Tiñoso | F68: Región de Murcia | G68: Región de Murcia | H68: 37.537703 | I68: -1.1415962 | J68: 1 | K68: 1 | L68: 0 | M68: 0 | N68: Si | O68: 0 | P68: 1 | Q68: 0 | R68: 0 | S68: 0 | T68: 0 | U68: 1 | V68: 0 | W68: 0 | X68: 0 | Y68: 0 | Z68: 0 | AA68: 0 | AB68: 0 | AC68: 0 | AD68: 0 | AE68: nd | AF68: =SUM(AH68:AL68) -> 0 | AS68: Redes Sociales | AT68: YouTube | AU68: https://www.youtube.com/watch?v=fsN-5WJjkM0&ab_channel=BuceoReservaMarinaCaboTi%C3%B1oso | AV68: Parece tener la región dorsal lateralmente "hinchada"
A69: P_violacea_103 | B69: 43673 | C69: Verano | D69: nd | E69: La Azohía | F69: Región de Murcia | G69: Región de Murcia | H69: 37.552826 | I69: -1.1719252 | J69: 1 | K69: 1 | L69: 0 | M69: 0 | N69: Si | O69: 0 | P69: 0 | Q69: 1 | R69: 0 | S69: 0 | T69: 0 | U69: 0 | V69: 0 | W69: 0 | X69: 0 | Y69: 1 | Z69: 0 | AA69: 0 | AB69: 0 | AC69: 0 | AD69: 0 | AE69: nd | AF69: =SUM(AH69:AL69) -> 0 | AS69: Redes Sociales | AT69: YouTube | AU69: https://www.youtube.com/watch?v=SK8t63zPgzk&ab_channel=juanidiver
A70: P_violacea_104 | B70: 43677 | C70: Verano | D70: nd | E70: Cabo Tiñoso | F70: Región de Murcia | G70: Región de Murcia | H70: 37.537703 | I70: -1.1415962 | J70: 1 | K70: 1 | L70: 0 | M70: 0 | N70: No | O70: 0 | P70: 0 | Q70: 0 | R70: 0 | S70: 1 | T70: 0 | U70: 0 | V70: 0 | W70: 0 | X70: 0 | Y70: 0 | Z70: 1 | AA70: 0 | AB70: 0 | AC70: 0 | AD70: 0 | AE70: nd | AF70: NA | AS70: Redes Sociales | AT70: YouTube | AU70: https://www.youtube.com/watch?v=YK_6mNkzZBg&ab_channel=CentrodeBuceoCaboTi%C3%B1oso
A71: P_violacea_105 | B71: 43682 | C71: Verano | D71: nd | E71: La Azohía | F71: Región de Murcia | G71: Región de Murcia | H71: 37.539058 | I71: -1.136435 | J71: 1 | K71: 1 | L71: 0 | M71: 0 | N71: Si | O71: 0 | P71: 0 | Q71: 1 | R71: 0 | S71: 0 | T71: 0 | U71: 0 | V71: 0 | W71: 0 | X71: 0 | Y71: 1 | Z71: 0 | AA71: 0 | AB71: 0 | AC71: 0 | AD71: 0 | AE71: nd | AF71: =SUM(AH71:AL71) -> 0 | AS71: Redes Sociales | AT71: Instagram | AU71: https://www.instagram.com/p/B0zA57cClVH/
A72: P_violacea_109 | B72: 44018 | C72: Verano | D72: nd | E72: Cap de L'Horta | F72: Alicante | G72: Comunidad Valenciana | H72: 38.35019 | I72: -0.40503348 | J72: 1 | K72: 1 | L72: 0 | M72: 0 | N72: Si | O72: 0 | P72: 0 | Q72: 1 | R72: 0 | S72: 0 | T72: 0 | U72: 0 | V72: 0 | W72: 0 | X72: 0 | Y72: 1 | Z72: 0 | AA72: 0 | AB72: 0 | AC72: 0 | AD72: 0 | AE72: nd | AF72: =SUM(AH72:AL72) -> 0 | AS72: Redes Sociales | AT72: Vimeo | AU72: https://vimeo.com/435682597 | AV72: Tiene la región dorsal como "hinchada", creo que está contrayendo el disco como respuesta por estrés
A73: P_violacea_110 | B73: 44039 | C73: Verano | D73: nd | E73: Cartagena | F73: Región de Murcia | G73: Región de Murcia | H73: 37.580306 | I73: -0.97635391 | J73: 1 | K73: 1 | L73: 0 | M73: 0 | N73: Si | O73: 0 | P73: 1 | Q73: 0 | R73: 0 | S73: 0 | T73: 0 | U73: 0 | V73: 0 | W73: 0 | X73: 0 | Y73: 1 | Z73: 0 | AA73: 0 | AB73: 0 | AC73: 0 | AD73: 0 | AE73: nd | AF73: =SUM(AH73:AL73) -> 0 | AS73: Redes Sociales | AT73: Instagram | AU73: https://www.instagram.com/p/CDH1NRoo9on/
A74: P_violacea_111 | B74: 44039 | C74: Verano | D74: nd | E74: Cabo de Gata | F74: Almería | G74: Andalucía | H74: 36.737528 | I74: -2.2079333 | J74: 1 | K74: 1 | L74: 0 | M74: 0 | N74: Si | O74: 0 | P74: 1 | Q74: 0 | R74: 0 | S74: 0 | T74: 0 | U74: 1 | V74: 0 | W74: 0 | X74: 0 | Y74: 0 | Z74: 0 | AA74: 0 | AB74: 0 | AC74: 0 | AD74: 0 | AE74: nd | AF74: =SUM(AH74:AL74) -> 0 | AS74: Redes Sociales | AT74: Instagram | AU74: https://www.instagram.com/p/CDKTWXtCv7z/ | AV74: Manipulada y sobre fondo de arena (posiblemente muy estresada)
A75: P_violacea_112 | B75: 44044 | C75: Verano | D75: nd | F75: Málaga | G75: Andalucía | H75: 36.502454 | I75: -4.8686368 | J75: 1 | K75: 1 | L75: 0 | M75: 0 | N75: Si | O75: 0 | P75: 1 | Q75: 0 | R75: 0 | S75: 0 | T75: 0 | U75: 1 | V75: 0 | W75: 0 | X75: 0 | Y75: 0 | Z75: 0 | AA75: 0 | AB75: 0 | AC75: 0 | AD75: 0 | AE75: nd | AF75: =SUM(AH75:AL75) -> 0 | AS75: Redes Sociales | AT75: YouTube | AU75: https://www.youtube.com/watch?v=5X8kA6uihho&ab_channel=Fot%C3%B3grafo | AV75: No se conoce la ubicación, pero pinta a ser Marbella (coords aproximadas) por datos del usuario que ha subido el video
A76: P_violacea_115 | B76: 44191 | C76: Invierno | D76: nd | E76: Cap de Creus | F76: Girona | G76: Cataluña | H76: 42.299071 | I76: 3.2957467 | J76: 1 | K76: 1 | L76: 0 | M76: 0 | N76: Si | O76: 0 | P76: 0 | Q76: 1 | R76: 0 | S76: 0 | T76: 0 | U76: 0 | V76: 0 | W76: 0 | X76: 0 | Y76: 1 | Z76: 0 | AA76: 0 | AB76: 0 | AC76: 0 | AD76: 0 | AE76: nd | AF76: =SUM(AH76:AL76) -> 0 | AS76: Redes Sociales | AT76: Instagram | AU76: https://www.instagram.com/p/CJQmId0hgzd/
A77: P_violacea_116 | B77: 44390 | C77: Verano | D77: nd | E77: Ibiza | F77: Islas Baleares | G77: Islas Baleares | J77: 1 | K77: 1 | L77: 0 | M77: 0 | N77: No | O77: 0 | P77: 0 | Q77: 0 | R77: 0 | S77: 1 | T77: 0 | U77: 0 | V77: 0 | W77: 0 | X77: 0 | Y77: 0 | Z77: 0 | AA77: 0 | AB77: 0 | AC77: 0 | AD77: 1 | AE77: nd | AF77: NA | AS77: Redes Sociales | AT77: YouTube | AU77: https://www.youtube.com/watch?v=iRT0fzDIRos&ab_channel=AdrianSub | AV77: Imp sacar/estimar coords solo sabemos isla
A78: P_violacea_119 | B78: 44762 | C78: Verano | D78: nd | E78: Menorca | F78: Islas Baleares | G78: Islas Baleares | H78: 39.933218 | I78: 3.9718804 | J78: 1 | K78: 1 | L78: 0 | M78: 0 | N78: No | O78: 0 | P78: 0 | Q78: 0 | R78: 1 | S78: 0 | T78: 0 | U78: 0 | V78: 0 | W78: 0 | X78: 0 | Y78: 0 | Z78: 0 | AA78: 0 | AB78: 0 | AC78: 0 | AD78: 1 | AE78: nd | AF78: NA | AS78: Redes Sociales | AT78: YouTube | AU78: https://www.youtube.com/watch?v=RcKYPzoSZYI | AV78: En orilla y parece ir buscando por el fondo
A79: P_violacea_120 | B79: 44819 | C79: Verano | D79: nd | E79: Mallorca | F79: Islas Baleares | G79: Islas Baleares | H79: 39.890379 | I79: 3.1256835 | J79: 1 | K79: 1 | L79: 0 | M79: 0 | N79: No | O79: 0 | P79: 0 | Q79: 0 | R79: 0 | S79: 0 | T79: 1 | U79: 0 | V79: 0 | W79: 0 | X79: 0 | Y79: 0 | Z79: 0 | AA79: 0 | AB79: 0 | AC79: 0 | AD79: 1 | AE79: nd | AF79: NA | AS79: Redes Sociales | AT79: YouTube | AU79: https://www.youtube.com/watch?v=sahsJLJbQPM
A80: P_violacea_121 | B80: 43641 | C80: Verano | D80: nd | E80: Jávea | F80: Alicante | G80: Comunidad Valenciana | H80: 38.79942 | I80: 0.19523849 | J80: 1 | K80: 1 | L80: 0 | M80: 0 | N80: Si | O80: 0 | P80: 1 | Q80: 0 | R80: 0 | S80: 0 | T80: 0 | U80: 1 | V80: 0 | W80: 0 | X80: 0 | Y80: 0 | Z80: 0 | AA80: 0 | AB80: 0 | AC80: 0 | AD80: 0 | AE80: nd | AF80: =SUM(AH80:AL80) -> 0 | AS80: Redes Sociales | AT80: YouTube | AU80: https://www.youtube.com/watch?v=MY5wC9skffk
A81: P_violacea_122 | B81: 44907 | C81: Invierno | D81: nd | E81: Jávea | F81: Alicante | G81: Comunidad Valenciana | H81: 38.79942 | I81: 0.19523849 | J81: 1 | K81: 1 | L81: 0 | M81: 0 | N81: Si | O81: 0 | P81: 1 | Q81: 0 | R81: 0 | S81: 0 | T81: 0 | U81: 1 | V81: 0 | W81: 0 | X81: 0 | Y81: 0 | Z81: 0 | AA81: 0 | AB81: 0 | AC81: 0 | AD81: 0 | AE81: nd | AF81: =SUM(AH81:AL81) -> 0 | AS81: Redes Sociales | AT81: YouTube | AU81: https://www.youtube.com/watch?v=Pb8UDpibg5o | AV81: Parece que está embarazada!
A82: P_violacea_123 | B82: 45170 | C82: Verano | D82: nd | E82: Badalona | F82: Barcelona | G82: Cataluña | H82: 41.440147 | I82: 2.2472849 | J82: 1 | K82: 1 | L82: 0 | M82: 0 | N82: No | O82: 0 | P82: 0 | Q82: 0 | R82: 0 | S82: 0 | T82: 1 | U82: 0 | V82: 0 | W82: 0 | X82: 0 | Y82: 0 | Z82: 0 | AA82: 0 | AB82: 0 | AC82: 0 | AD82: 1 | AE82: nd | AF82: NA | AS82: Redes Sociales | AT82: Instagram | AU82: https://www.instagram.com/p/Cwo-vUYtqON/ | AV82: Mal ID
A83: P_violacea_125 | B83: 44067 | C83: Verano | D83: nd | E83: Mallorca | F83: Islas Baleares | G83: Islas Baleares | J83: 1 | K83: 1 | L83: 0 | M83: 0 | N83: Si | O83: 1 | P83: 0 | Q83: 0 | R83: 0 | S83: 0 | T83: 0 | U83: 0 | V83: 1 | W83: 0 | X83: 0 | Y83: 0 | Z83: 0 | AA83: 0 | AB83: 0 | AC83: 0 | AD83: 0 | AE83: nd | AF83: =SUM(AH83:AL83) -> 0 | AS83: Redes Sociales | AT83: Instagram | AU83: https://www.instagram.com/p/CEROSrLj40_/ | AV83: No tiene coords (imposible y habría que preguntar o "aproximar"…). Pero llevaba un anzuelo de palangre con algas y plásticos, es un ejemplar pequeñito
A84: P_violacea_126 | B84: 42617 | C84: Verano | D84: nd | E84: Badalona | F84: Barcelona | G84: Cataluña | H84: 41.440147 | I84: 2.2472849 | J84: 1 | K84: 1 | L84: 0 | M84: 0 | N84: Si | O84: 0 | P84: 1 | Q84: 0 | R84: 0 | S84: 0 | T84: 0 | U84: 0 | V84: 0 | W84: 0 | X84: 0 | Y84: 1 | Z84: 0 | AA84: 0 | AB84: 0 | AC84: 0 | AD84: 0 | AE84: nd | AF84: =SUM(AH84:AL84) -> 0 | AS84: Redes Sociales | AT84: Instagram | AU84: https://www.instagram.com/p/BJ8FsLhgrEC/ | AV84: Tiene la región dorsal así como "hinchada"
A85: P_violacea_127 | B85: 43342 | C85: Verano | D85: nd | E85: Blanes | F85: Girona | G85: Cataluña | H85: 41.681281 | I85: 2.8148397 | J85: 1 | K85: 1 | L85: 0 | M85: 0 | N85: Si | O85: 0 | P85: 0 | Q85: 1 | R85: 0 | S85: 0 | T85: 0 | U85: 0 | V85: 0 | W85: 0 | X85: 0 | Y85: 1 | Z85: 0 | AA85: 0 | AB85: 0 | AC85: 0 | AD85: 0 | AE85: nd | AF85: =SUM(AH85:AL85) -> 0 | AS85: Redes Sociales | AT85: Instagram | AU85: https://www.instagram.com/p/BnHNmPQhp5C/?img_index=1
A86: P_violacea_128 | B86: 44040 | C86: Verano | D86: nd | E86: Oropesa | F86: Castellón | G86: Comunidad Valenciana | H86: 40.083811 | I86: 0.14938995 | J86: 1 | K86: 1 | L86: 0 | M86: 0 | N86: Si | O86: 0 | P86: 0 | Q86: 1 | R86: 0 | S86: 0 | T86: 0 | U86: 0 | V86: 0 | W86: 0 | X86: 0 | Y86: 1 | Z86: 0 | AA86: 0 | AB86: 0 | AC86: 0 | AD86: 0 | AE86: nd | AF86: =SUM(AH86:AL86) -> 0 | AS86: Redes Sociales | AT86: Instagram | AU86: https://www.instagram.com/p/CDM2zS0IcXE/
A87: P_violacea_130 | B87: 45206 | C87: Verano | D87: nd | E87: Cabo de Palos | F87: Región de Murcia | G87: Región de Murcia | H87: 37.635274 | I87: -0.6869467 | J87: 1 | K87: 1 | L87: 0 | M87: 0 | N87: No | O87: 0 | P87: 0 | Q87: 0 | R87: 0 | S87: 1 | T87: 0 | U87: 0 | V87: 0 | W87: 0 | X87: 0 | Y87: 0 | Z87: 0 | AA87: 0 | AB87: 0 | AC87: 0 | AD87: 1 | AE87: nd | AF87: NA | AS87: Redes Sociales | AT87: Instagram | AU87: https://www.instagram.com/p/CyF5XcOMKZr/?img_index=1 | AV87: Mal ID
A88: P_violacea_135 | B88: 43328 | C88: Verano | D88: nd | E88: Coma-ruga | F88: Tarragona | G88: Cataluña | H88: 41.174009 | I88: 1.5018385 | J88: 1 | K88: 1 | L88: 0 | M88: 0 | N88: Si | O88: 0 | P88: 1 | Q88: 0 | R88: 0 | S88: 0 | T88: 0 | U88: 0 | V88: 0 | W88: 0 | X88: 0 | Y88: 1 | Z88: 0 | AA88: 0 | AB88: 0 | AC88: 0 | AD88: 0 | AE88: nd | AF88: =SUM(AH88:AL88) -> 0 | AS88: Prensa | AT88: Diari Més | AU88: https://www.diarimes.com/noticies/penedes/2018/08/16/una_rajada_deixa_veure_pocs_metres_vora_platja_del_francas_45023_3058.html
A89: P_violacea_136 | B89: 43341 | C89: Verano | D89: nd | E89: Cap de Creus | F89: Girona | G89: Cataluña | H89: 42.339482 | I89: 3.2496963 | J89: 2 | K89: 2 | L89: 0 | M89: 0 | N89: Si | O89: 1 | P89: 1 | Q89: 0 | R89: 0 | S89: 0 | T89: 0 | U89: 2 | V89: 0 | W89: 0 | X89: 0 | Y89: 0 | Z89: 0 | AA89: 0 | AB89: 0 | AC89: 0 | AD89: 0 | AE89: nd | AF89: =SUM(AH89:AL89) -> 0 | AS89: Prensa | AT89: CCMA | AU89: https://www.ccma.cat/el-temps/insolites-imatges-de-laparellament-de-dues-rajades-a-la-costa-brava/noticia/2872858/ | AV89: Apareamiento
A90: P_violacea_137 | B90: 43696 | C90: Verano | D90: nd | E90: Maro | F90: Málaga | G90: Andalucía | H90: 36.750545 | I90: -3.8182325 | J90: 1 | K90: 1 | L90: 0 | M90: 0 | N90: No | O90: 0 | P90: 0 | Q90: 0 | R90: 0 | S90: 1 | T90: 0 | U90: 0 | V90: 0 | W90: 0 | X90: 0 | Y90: 0 | Z90: 1 | AA90: 0 | AB90: 0 | AC90: 0 | AD90: 0 | AE90: nd | AF90: NA | AS90: Database | AT90: Obsdelmar | AU90: https://www.observadoresdelmar.es/Observations/218410 | AV90: Parece que está embarazada!
A91: P_violacea_138 | B91: 45437 | C91: Primavera | D91: nd | E91: Renclí Beach | F91: Islas Baleares | G91: Islas Baleares | H91: 39.101476 | I91: 1.5014522 | J91: 1 | K91: 1 | L91: 0 | M91: 0 | N91: Si | O91: 0 | P91: 0 | Q91: 1 | R91: 0 | S91: 0 | T91: 0 | U91: 0 | V91: 0 | W91: 0 | X91: 0 | Y91: 1 | Z91: 0 | AA91: 0 | AB91: 0 | AC91: 0 | AD91: 0 | AE91: nd | AF91: =SUM(AH91:AL91) -> 0 | AS91: Database | AT91: Obsdelmar | AU91: https://www.observadoresdelmar.es/Observations/224988
A92: P_violacea_139 | B92: 44781 | C92: Verano | D92: nd | E92: Marina Manresa | F92: Islas Baleares | G92: Islas Baleares | H92: 39.869667 | I92: 3.1253618 | J92: 1 | K92: 1 | L92: 0 | M92: 0 | N92: No | O92: 0 | P92: 0 | Q92: 0 | R92: 0 | S92: 0 | T92: 1 | U92: 0 | V92: 0 | W92: 0 | X92: 0 | Y92: 0 | Z92: 0 | AA92: 0 | AB92: 0 | AC92: 0 | AD92: 1 | AE92: nd | AF92: NA | AS92: Database | AT92: Obsdelmar | AU92: https://www.observadoresdelmar.es/Observations/219397 | AV92: Descansando sobre el fondo y cerca de orilla
A93: P_violacea_140 | B93: 45169 | C93: Verano | D93: nd | E93: Torre del Mar | F93: Málaga | G93: Andalucía | H93: 36.726233 | I93: -4.0773923 | J93: 1 | K93: 1 | L93: 0 | M93: 0 | N93: No | O93: 0 | P93: 0 | Q93: 0 | R93: 0 | S93: 0 | T93: 1 | U93: 0 | V93: 0 | W93: 0 | X93: 0 | Y93: 0 | Z93: 0 | AA93: 0 | AB93: 0 | AC93: 0 | AD93: 1 | AE93: nd | AF93: NA | AS93: Database | AT93: Obsdelmar | AU93: https://www.observadoresdelmar.es/Observations/1801197 | AV93: Coords aproximadas
A94: P_violacea_141 | B94: 45508 | C94: Verano | D94: nd | E94: Motril | F94: Granada | G94: Andalucía | H94: 36.69273 | I94: -3.5531748 | J94: 1 | K94: 1 | L94: 0 | M94: 0 | N94: No | O94: 0 | P94: 0 | Q94: 0 | R94: 0 | S94: 0 | T94: 1 | U94: 0 | V94: 0 | W94: 0 | X94: 0 | Y94: 0 | Z94: 0 | AA94: 0 | AB94: 0 | AC94: 0 | AD94: 1 | AE94: nd | AF94: NA | AS94: Database | AT94: Obsdelmar | AU94: https://www.observadoresdelmar.es/Observations/1801184 | AV94: Coords aproximadas
A95: P_violacea_144 | B95: 42140 | C95: Primavera | D95: nd | E95: San Agustín | F95: Almería | G95: Andalucía | H95: 36.672067 | I95: -2.6606359 | J95: 1 | K95: 1 | L95: 0 | M95: 0 | N95: Si | O95: 0 | P95: 1 | Q95: 0 | R95: 0 | S95: 0 | T95: 0 | U95: 1 | V95: 0 | W95: 0 | X95: 0 | Y95: 0 | Z95: 0 | AA95: 0 | AB95: 0 | AC95: 0 | AD95: 0 | AE95: nd | AF95: =SUM(AH95:AL95) -> 0 | AS95: Database | AT95: Obsdelmar | AU95: https://www.observadoresdelmar.es/Observations/1800301 | AV95: Parece que está embarazada!
A96: P_violacea_145 | B96: 45515 | C96: Verano | D96: nd | E96: Retamar | F96: Almería | G96: Andalucía | H96: 36.816376 | I96: -2.3067283 | J96: 1 | K96: 1 | L96: 0 | M96: 0 | N96: No | O96: 0 | P96: 0 | Q96: 0 | R96: 0 | S96: 0 | T96: 1 | U96: 0 | V96: 0 | W96: 0 | X96: 0 | Y96: 0 | Z96: 1 | AA96: 0 | AB96: 0 | AC96: 0 | AD96: 0 | AE96: nd | AF96: NA | AS96: Database | AT96: Obsdelmar | AU96: https://www.observadoresdelmar.es/Observations/1801217 | AV96: Tiene la región dorsal como "hinchada" lateralmente
A97: P_violacea_147 | B97: 45505 | C97: Verano | D97: nd | E97: Cope | F97: Región de Murcia | G97: Región de Murcia | H97: 37.428475 | I97: -1.4368552 | J97: 1 | K97: 1 | L97: 0 | M97: 0 | N97: No | O97: 0 | P97: 0 | Q97: 0 | R97: 0 | S97: 1 | T97: 0 | U97: 0 | V97: 0 | W97: 0 | X97: 0 | Y97: 0 | Z97: 1 | AA97: 0 | AB97: 0 | AC97: 0 | AD97: 0 | AE97: nd | AF97: NA | AS97: Database | AT97: Obsdelmar | AU97: https://www.observadoresdelmar.es/Observations/1800428
A98: P_violacea_148 | B98: 45492 | C98: Verano | D98: nd | E98: Puntas de Calnegre | F98: Región de Murcia | G98: Región de Murcia | H98: 37.50323 | I98: -1.4127848 | J98: 1 | K98: 1 | L98: 0 | M98: 0 | N98: Si | O98: 0 | P98: 0 | Q98: 1 | R98: 0 | S98: 0 | T98: 0 | U98: 0 | V98: 0 | W98: 0 | X98: 0 | Y98: 1 | Z98: 0 | AA98: 0 | AB98: 0 | AC98: 0 | AD98: 0 | AE98: nd | AF98: =SUM(AH98:AL98) -> 0 | AS98: Database | AT98: Obsdelmar | AU98: https://www.observadoresdelmar.es/Observations/1801213 | AV98: Le acompaña Naucrates ductor
A99: P_violacea_150 | B99: 44787 | C99: Verano | D99: nd | E99: Mazarrón | F99: Región de Murcia | G99: Región de Murcia | H99: 37.554167 | I99: -1.238744 | J99: 1 | K99: 1 | L99: 0 | M99: 0 | N99: Si | O99: 0 | P99: 1 | Q99: 0 | R99: 0 | S99: 0 | T99: 0 | U99: 1 | V99: 0 | W99: 0 | X99: 0 | Y99: 0 | Z99: 0 | AA99: 0 | AB99: 0 | AC99: 0 | AD99: 0 | AE99: nd | AF99: =SUM(AH99:AL99) -> 0 | AS99: Database | AT99: Obsdelmar | AU99: https://www.observadoresdelmar.es/Observations/1800483
A100: P_violacea_151 | B100: 45470 | C100: Verano | D100: nd | E100: Cartagena | F100: Región de Murcia | G100: Región de Murcia | H100: 37.531748 | I100: -0.99420426 | J100: 1 | K100: 1 | L100: 0 | M100: 0 | N100: Si | O100: 0 | P100: 1 | Q100: 0 | R100: 0 | S100: 0 | T100: 0 | U100: 1 | V100: 0 | W100: 0 | X100: 0 | Y100: 0 | Z100: 0 | AA100: 0 | AB100: 0 | AC100: 0 | AD100: 0 | AE100: nd | AF100: =SUM(AH100:AL100) -> 0 | AS100: Database | AT100: Obsdelmar | AU100: https://www.observadoresdelmar.es/Observations/1801207 | AV100: Cola cortada
...

Sheet Conteo_year
A1: Año | B1: Ene | C1: Feb | D1: Mar | E1: Abr | F1: May | G1: Jun | H1: Jul | I1: Ago | J1: Sep | K1: Oct | L1: Nov | M1: Dic | N1: Total year
A2: 1987 | B2: =SUMIFS(P_violacea_Spain_Med!$J:$J, P_violacea_Spain_Med!$B:$B, ">="&DATE(1987,1,1), P_violacea_Spain_Med!$B:$B, "<="&DATE(1987,1,31)) -> 0 | C2: =SUMIFS(P_violacea_Spain_Med!$J:$J, P_violacea_Spain_Med!$B:$B, ">="&DATE(1987,2,1), P_violacea_Spain_Med!$B:$B, "<="&DATE(1987,2,28)) -> 0 | D2: =SUMIFS(P_violacea_Spain_Med!$J:$J, P_violacea_Spain_Med!$B:$B, ">="&DATE(1987,3,1), P_violacea_Spain_Med!$B:$B, "<="&DATE(1987,3,31)) -> 0 | E2: =SUMIFS(P_violacea_Spain_Med!$J:$J, P_violacea_Spain_Med!$B:$B, ">="&DATE(1987,4,1), P_violacea_Spain_Med!$B:$B, "<="&DATE(1987,4,30)) -> 0 | F2: =SUMIFS(P_violacea_Spain_Med!$J:$J, P_violacea_Spain_Med!$B:$B, ">="&DATE(1987,5,1), P_violacea_Spain_Med!$B:$B, "<="&DATE(1987,5,31)) -> 0 | G2: =SUMIFS(P_violacea_Spain_Med!$J:$J, P_violacea_Spain_Med!$B:$B, ">="&DATE(1987,6,1), P_violacea_Spain_Med!$B:$B, "<="&DATE(1987,6,30)) -> 0 | H2: =SUMIFS(P_violacea_Spain_Med!$J:$J, P_violacea_Spain_Med!$B:$B, ">="&DATE(1987,7,1), P_violacea_Spain_Med!$B:$B, "<="&DATE(1987,7,31)) -> 1 | I2: =SUMIFS(P_violacea_Spain_Med!$J:$J, P_violacea_Spain_Med!$B:$B, ">="&DATE(1987,8,1), P_violacea_Spain_Med!$B:$B, "<="&DATE(1987,8,31)) -> 0 | J2: =SUMIFS(P_violacea_Spain_Med!$J:$J, P_violacea_Spain_Med!$B:$B, ">="&DATE(1987,9,1), P_violacea_Spain_Med!$B:$B, "<="&DATE(1987,9,30)) -> 0 | K2: =SUMIFS(P_violacea_Spain_Med!$J:$J, P_violacea_Spain_Med!$B:$B, ">="&DATE(1987,10,1), P_violacea_Spain_Med!$B:$B, "<="&DATE(1987,10,31)) -> 0 | L2: =SUMIFS(P_violacea_Spain_Med!$J:$J, P_violacea_Spain_Med!$B:$B, ">="&DATE(1987,11,1), P_violacea_Spain_Med!$B:$B, "<="&DATE(1987,11,30)) -> 0 | M2: =SUMIFS(P_violacea_Spain_Med!$J:$J, P_violacea_Spain_Med!$B:$B, ">="&DATE(1987,12,1), P_violacea_Spain_Med!$B:$B, "<="&DATE(1987,12,31)) -> 0 | N2: =SUM($B2:$M2) -> 1
A3: 2005 | B3: =SUMIFS(P_violacea_Spain_Med!$J:$J, P_violacea_Spain_Med!$B:$B, ">="&DATE(2005,1,1), P_violacea_Spain_Med!$B:$B, "<="&DATE(2005,1,31)) -> 0 | C3: =SUMIFS(P_violacea_Spain_Med!$J:$J, P_violacea_Spain_Med!$B:$B, ">="&DATE(2005,2,1), P_violacea_Spain_Med!$B:$B, "<="&DATE(2005,2,28)) -> 0 | D3: =SUMIFS(P_violacea_Spain_Med!$J:$J, P_violacea_Spain_Med!$B:$B, ">="&DATE(2005,3,1), P_violacea_Spain_Med!$B:$B, "<="&DATE(2005,3,31)) -> 0 | E3: =SUMIFS(P_violacea_Spain_Med!$J:$J, P_violacea_Spain_Med!$B:$B, ">="&DATE(2005,4,1), P_violacea_Spain_Med!$B:$B, "<="&DATE(2005,4,30)) -> 0 | F3: =SUMIFS(P_violacea_Spain_Med!$J:$J, P_violacea_Spain_Med!$B:$B, ">="&DATE(2005,5,1), P_violacea_Spain_Med!$B:$B, "<="&DATE(2005,5,31)) -> 0 | G3: =SUMIFS(P_violacea_Spain_Med!$J:$J, P_violacea_Spain_Med!$B:$B, ">="&DATE(2005,6,1), P_violacea_Spain_Med!$B:$B, "<="&DATE(2005,6,30)) -> 0 | H3: =SUMIFS(P_violacea_Spain_Med!$J:$J, P_violacea_Spain_Med!$B:$B, ">="&DATE(2005,7,1), P_violacea_Spain_Med!$B:$B, "<="&DATE(2005,7,31)) -> 0 | I3: =SUMIFS(P_violacea_Spain_Med!$J:$J, P_violacea_Spain_Med!$B:$B, ">="&DATE(2005,8,1), P_violacea_Spain_Med!$B:$B, "<="&DATE(2005,8,31)) -> 1 | J3: =SUMIFS(P_violacea_Spain_Med!$J:$J, P_violacea_Spain_Med!$B:$B, ">="&DATE(2005,9,1), P_violacea_Spain_Med!$B:$B, "<="&DATE(2005,9,30)) -> 0 | K3: =SUMIFS(P_violacea_Spain_Med!$J:$J, P_violacea_Spain_Med!$B:$B, ">="&DATE(2005,10,1), P_violacea_Spain_Med!$B:$B, "<="&DATE(2005,10,31)) -> 0 | L3: =SUMIFS(P_violacea_Spain_Med!$J:$J, P_violacea_Spain_Med!$B:$B, ">="&DATE(2005,11,1), P_violacea_Spain_Med!$B:$B, "<="&DATE(2005,11,30)) -> 0 | M3: =SUMIFS(P_violacea_Spain_Med!$J:$J, P_violacea_Spain_Med!$B:$B, ">="&DATE(2005,12,1), P_violacea_Spain_Med!$B:$B, "<="&DATE(2005,12,31)) -> 0 | N3: =SUM($B3:$M3) -> 1
A4: 2006 | B4: =SUMIFS(P_violacea_Spain_Med!$J:$J, P_violacea_Spain_Med!$B:$B, ">="&DATE(2006,1,1), P_violacea_Spain_Med!$B:$B, "<="&DATE(2006,1,31)) -> 0 | C4: =SUMIFS(P_violacea_Spain_Med!$J:$J, P_violacea_Spain_Med!$B:$B, ">="&DATE(2006,2,1), P_violacea_Spain_Med!$B:$B, "<="&DATE(2006,2,28)) -> 0 | D4: =SUMIFS(P_violacea_Spain_Med!$J:$J, P_violacea_Spain_Med!$B:$B, ">="&DATE(2006,3,1), P_violacea_Spain_Med!$B:$B, "<="&DATE(2006,3,31)) -> 0 | E4: =SUMIFS(P_violacea_Spain_Med!$J:$J, P_violacea_Spain_Med!$B:$B, ">="&DATE(2006,4,1), P_violacea_Spain_Med!$B:$B, "<="&DATE(2006,4,30)) -> 0 | F4: =SUMIFS(P_violacea_Spain_Med!$J:$J, P_violacea_Spain_Med!$B:$B, ">="&DATE(2006,5,1), P_violacea_Spain_Med!$B:$B, "<="&DATE(2006,5,31)) -> 0 | G4: =SUMIFS(P_violacea_Spain_Med!$J:$J, P_violacea_Spain_Med!$B:$B, ">="&DATE(2006,6,1), P_violacea_Spain_Med!$B:$B, "<="&DATE(2006,6,30)) -> 0 | H4: =SUMIFS(P_violacea_Spain_Med!$J:$J, P_violacea_Spain_Med!$B:$B, ">="&DATE(2006,7,1), P_violacea_Spain_Med!$B:$B, "<="&DATE(2006,7,31)) -> 1 | I4: =SUMIFS(P_violacea_Spain_Med!$J:$J, P_violacea_Spain_Med!$B:$B, ">="&DATE(2006,8,1), P_violacea_Spain_Med!$B:$B, "<="&DATE(2006,8,31)) -> 0 | J4: =SUMIFS(P_violacea_Spain_Med!$J:$J, P_violacea_Spain_Med!$B:$B, ">="&DATE(2006,9,1), P_violacea_Spain_Med!$B:$B, "<="&DATE(2006,9,30)) -> 0 | K4: =SUMIFS(P_violacea_Spain_Med!$J:$J, P_violacea_Spain_Med!$B:$B, ">="&DATE(2006,10,1), P_violacea_Spain_Med!$B:$B, "<="&DATE(2006,10,31)) -> 0 | L4: =SUMIFS(P_violacea_Spain_Med!$J:$J, P_violacea_Spain_Med!$B:$B, ">="&DATE(2006,11,1), P_violacea_Spain_Med!$B:$B, "<="&DATE(2006,11,30)) -> 0 | M4: =SUMIFS(P_violacea_Spain_Med!$J:$J, P_violacea_Spain_Med!$B:$B, ">="&DATE(2006,12,1), P_violacea_Spain_Med!$B:$B, "<="&DATE(2006,12,31)) -> 0 | N4: =SUM($B4:$M4) -> 1
A5: 2007 | B5: =SUMIFS(P_violacea_Spain_Med!$J:$J, P_violacea_Spain_Med!$B:$B, ">="&DATE(2007,1,1), P_violacea_Spain_Med!$B:$B, "<="&DATE(2007,1,31)) -> 0 | C5: =SUMIFS(P_violacea_Spain_Med!$J:$J, P_violacea_Spain_Med!$B:$B, ">="&DATE(2007,2,1), P_violacea_Spain_Med!$B:$B, "<="&DATE(2007,2,28)) -> 0 | D5: =SUMIFS(P_violacea_Spain_Med!$J:$J, P_violacea_Spain_Med!$B:$B, ">="&DATE(2007,3,1), P_violacea_Spain_Med!$B:$B, "<="&DATE(2007,3,31)) -> 0 | E5: =SUMIFS(P_violacea_Spain_Med!$J:$J, P_violacea_Spain_Med!$B:$B, ">="&DATE(2007,4,1), P_violacea_Spain_Med!$B:$B, "<="&DATE(2007,4,30)) -> 0 | F5: =SUMIFS(P_violacea_Spain_Med!$J:$J, P_violacea_Spain_Med!$B:$B, ">="&DATE(2007,5,1), P_violacea_Spain_Med!$B:$B, "<="&DATE(2007,5,31)) -> 0 | G5: =SUMIFS(P_violacea_Spain_Med!$J:$J, P_violacea_Spain_Med!$B:$B, ">="&DATE(2007,6,1), P_violacea_Spain_Med!$B:$B, "<="&DATE(2007,6,30)) -> 0 | H5: =SUMIFS(P_violacea_Spain_Med!$J:$J, P_violacea_Spain_Med!$B:$B, ">="&DATE(2007,7,1), P_violacea_Spain_Med!$B:$B, "<="&DATE(2007,7,31)) -> 0 | I5: =SUMIFS(P_violacea_Spain_Med!$J:$J, P_violacea_Spain_Med!$B:$B, ">="&DATE(2007,8,1), P_violacea_Spain_Med!$B:$B, "<="&DATE(2007,8,31)) -> 1 | J5: =SUMIFS(P_violacea_Spain_Med!$J:$J, P_violacea_Spain_Med!$B:$B, ">="&DATE(2007,9,1), P_violacea_Spain_Med!$B:$B, "<="&DATE(2007,9,30)) -> 3 | K5: =SUMIFS(P_violacea_Spain_Med!$J:$J, P_violacea_Spain_Med!$B:$B, ">="&DATE(2007,10,1), P_violacea_Spain_Med!$B:$B, "<="&DATE(2007,10,31)) -> 0 | L5: =SUMIFS(P_violacea_Spain_Med!$J:$J, P_violacea_Spain_Med!$B:$B, ">="&DATE(2007,11,1), P_violacea_Spain_Med!$B:$B, "<="&DATE(2007,11,30)) -> 0 | M5: =SUMIFS(P_violacea_Spain_Med!$J:$J, P_violacea_Spain_Med!$B:$B, ">="&DATE(2007,12,1), P_violacea_Spain_Med!$B:$B, "<="&DATE(2007,12,31)) -> 0 | N5: =SUM($B5:$M5) -> 4
A6: 2008 | B6: =SUMIFS(P_violacea_Spain_Med!$J:$J, P_violacea_Spain_Med!$B:$B, ">="&DATE(2008,1,1), P_violacea_Spain_Med!$B:$B, "<="&DATE(2008,1,31)) -> 0 | C6: =SUMIFS(P_violacea_Spain_Med!$J:$J, P_violacea_Spain_Med!$B:$B, ">="&DATE(2008,2,1), P_violacea_Spain_Med!$B:$B, "<="&DATE(2008,2,28)) -> 0 | D6: =SUMIFS(P_violacea_Spain_Med!$J:$J, P_violacea_Spain_Med!$B:$B, ">="&DATE(2008,3,1), P_violacea_Spain_Med!$B:$B, "<="&DATE(2008,3,31)) -> 0 | E6: =SUMIFS(P_violacea_Spain_Med!$J:$J, P_violacea_Spain_Med!$B:$B, ">="&DATE(2008,4,1), P_violacea_Spain_Med!$B:$B, "<="&DATE(2008,4,30)) -> 0 | F6: =SUMIFS(P_violacea_Spain_Med!$J:$J, P_violacea_Spain_Med!$B:$B, ">="&DATE(2008,5,1), P_violacea_Spain_Med!$B:$B, "<="&DATE(2008,5,31)) -> 0 | G6: =SUMIFS(P_violacea_Spain_Med!$J:$J, P_violacea_Spain_Med!$B:$B, ">="&DATE(2008,6,1), P_violacea_Spain_Med!$B:$B, "<="&DATE(2008,6,30)) -> 0 | H6: =SUMIFS(P_violacea_Spain_Med!$J:$J, P_violacea_Spain_Med!$B:$B, ">="&DATE(2008,7,1), P_violacea_Spain_Med!$B:$B, "<="&DATE(2008,7,31)) -> 0 | I6: =SUMIFS(P_violacea_Spain_Med!$J:$J, P_violacea_Spain_Med!$B:$B, ">="&DATE(2008,8,1), P_violacea_Spain_Med!$B:$B, "<="&DATE(2008,8,31)) -> 0 | J6: =SUMIFS(P_violacea_Spain_Med!$J:$J, P_violacea_Spain_Med!$B:$B, ">="&DATE(2008,9,1), P_violacea_Spain_Med!$B:$B, "<="&DATE(2008,9,30)) -> 0 | K6: =SUMIFS(P_violacea_Spain_Med!$J:$J, P_violacea_Spain_Med!$B:$B, ">="&DATE(2008,10,1), P_violacea_Spain_Med!$B:$B, "<="&DATE(2008,10,31)) -> 0 | L6: =SUMIFS(P_violacea_Spain_Med!$J:$J, P_violacea_Spain_Med!$B:$B, ">="&DATE(2008,11,1), P_violacea_Spain_Med!$B:$B, "<="&DATE(2008,11,30)) -> 0 | M6: =SUMIFS(P_violacea_Spain_Med!$J:$J, P_violacea_Spain_Med!$B:$B, ">="&DATE(2008,12,1), P_violacea_Spain_Med!$B:$B, "<="&DATE(2008,12,31)) -> 0 | N6: =SUM($B6:$M6) -> 0
A7: 2009 | B7: =SUMIFS(P_violacea_Spain_Med!$J:$J, P_violacea_Spain_Med!$B:$B, ">="&DATE(2009,1,1), P_violacea_Spain_Med!$B:$B, "<="&DATE(2009,1,31)) -> 0 | C7: =SUMIFS(P_violacea_Spain_Med!$J:$J, P_violacea_Spain_Med!$B:$B, ">="&DATE(2009,2,1), P_violacea_Spain_Med!$B:$B, "<="&DATE(2009,2,28)) -> 0 | D7: =SUMIFS(P_violacea_Spain_Med!$J:$J, P_violacea_Spain_Med!$B:$B, ">="&DATE(2009,3,1), P_violacea_Spain_Med!$B:$B, "<="&DATE(2009,3,31)) -> 0 | E7: =SUMIFS(P_violacea_Spain_Med!$J:$J, P_violacea_Spain_Med!$B:$B, ">="&DATE(2009,4,1), P_violacea_Spain_Med!$B:$B, "<="&DATE(2009,4,30)) -> 0 | F7: =SUMIFS(P_violacea_Spain_Med!$J:$J, P_violacea_Spain_Med!$B:$B, ">="&DATE(2009,5,1), P_violacea_Spain_Med!$B:$B, "<="&DATE(2009,5,31)) -> 0 | G7: =SUMIFS(P_violacea_Spain_Med!$J:$J, P_violacea_Spain_Med!$B:$B, ">="&DATE(2009,6,1), P_violacea_Spain_Med!$B:$B, "<="&DATE(2009,6,30)) -> 0 | H7: =SUMIFS(P_violacea_Spain_Med!$J:$J, P_violacea_Spain_Med!$B:$B, ">="&DATE(2009,7,1), P_violacea_Spain_Med!$B:$B, "<="&DATE(2009,7,31)) -> 0 | I7: =SUMIFS(P_violacea_Spain_Med!$J:$J, P_violacea_Spain_Med!$B:$B, ">="&DATE(2009,8,1), P_violacea_Spain_Med!$B:$B, "<="&DATE(2009,8,31)) -> 0 | J7: =SUMIFS(P_violacea_Spain_Med!$J:$J, P_violacea_Spain_Med!$B:$B, ">="&DATE(2009,9,1), P_violacea_Spain_Med!$B:$B, "<="&DATE(2009,9,30)) -> 0 | K7: =SUMIFS(P_violacea_Spain_Med!$J:$J, P_violacea_Spain_Med!$B:$B, ">="&DATE(2009,10,1), P_violacea_Spain_Med!$B:$B, "<="&DATE(2009,10,31)) -> 0 | L7: =SUMIFS(P_violacea_Spain_Med!$J:$J, P_violacea_Spain_Med!$B:$B, ">="&DATE(2009,11,1), P_violacea_Spain_Med!$B:$B, "<="&DATE(2009,11,30)) -> 0 | M7: =SUMIFS(P_violacea_Spain_Med!$J:$J, P_violacea_Spain_Med!$B:$B, ">="&DATE(2009,12,1), P_violacea_Spain_Med!$B:$B, "<="&DATE(2009,12,31)) -> 0 | N7: =SUM($B7:$M7) -> 0
A8: 2010 | B8: =SUMIFS(P_violacea_Spain_Med!$J:$J, P_violacea_Spain_Med!$B:$B, ">="&DATE(2010,1,1), P_violacea_Spain_Med!$B:$B, "<="&DATE(2010,1,31)) -> 0 | C8: =SUMIFS(P_violacea_Spain_Med!$J:$J, P_violacea_Spain_Med!$B:$B, ">="&DATE(2010,2,1), P_violacea_Spain_Med!$B:$B, "<="&DATE(2010,2,28)) -> 0 | D8: =SUMIFS(P_violacea_Spain_Med!$J:$J, P_violacea_Spain_Med!$B:$B, ">="&DATE(2010,3,1), P_violacea_Spain_Med!$B:$B, "<="&DATE(2010,3,31)) -> 0 | E8: =SUMIFS(P_violacea_Spain_Med!$J:$J, P_violacea_Spain_Med!$B:$B, ">="&DATE(2010,4,1), P_violacea_Spain_Med!$B:$B, "<="&DATE(2010,4,30)) -> 0 | F8: =SUMIFS(P_violacea_Spain_Med!$J:$J, P_violacea_Spain_Med!$B:$B, ">="&DATE(2010,5,1), P_violacea_Spain_Med!$B:$B, "<="&DATE(2010,5,31)) -> 0 | G8: =SUMIFS(P_violacea_Spain_Med!$J:$J, P_violacea_Spain_Med!$B:$B, ">="&DATE(2010,6,1), P_violacea_Spain_Med!$B:$B, "<="&DATE(2010,6,30)) -> 0 | H8: =SUMIFS(P_violacea_Spain_Med!$J:$J, P_violacea_Spain_Med!$B:$B, ">="&DATE(2010,7,1), P_violacea_Spain_Med!$B:$B, "<="&DATE(2010,7,31)) -> 0 | I8: =SUMIFS(P_violacea_Spain_Med!$J:$J, P_violacea_Spain_Med!$B:$B, ">="&DATE(2010,8,1), P_violacea_Spain_Med!$B:$B, "<="&DATE(2010,8,31)) -> 0 | J8: =SUMIFS(P_violacea_Spain_Med!$J:$J, P_violacea_Spain_Med!$B:$B, ">="&DATE(2010,9,1), P_violacea_Spain_Med!$B:$B, "<="&DATE(2010,9,30)) -> 0 | K8: =SUMIFS(P_violacea_Spain_Med!$J:$J, P_violacea_Spain_Med!$B:$B, ">="&DATE(2010,10,1), P_violacea_Spain_Med!$B:$B, "<="&DATE(2010,10,31)) -> 0 | L8: =SUMIFS(P_violacea_Spain_Med!$J:$J, P_violacea_Spain_Med!$B:$B, ">="&DATE(2010,11,1), P_violacea_Spain_Med!$B:$B, "<="&DATE(2010,11,30)) -> 0 | M8: =SUMIFS(P_violacea_Spain_Med!$J:$J, P_violacea_Spain_Med!$B:$B, ">="&DATE(2010,12,1), P_violacea_Spain_Med!$B:$B, "<="&DATE(2010,12,31)) -> 0 | N8: =SUM($B8:$M8) -> 0
A9: 2011 | B9: =SUMIFS(P_violacea_Spain_Med!$J:$J, P_violacea_Spain_Med!$B:$B, ">="&DATE(2011,1,1), P_violacea_Spain_Med!$B:$B, "<="&DATE(2011,1,31)) -> 0 | C9: =SUMIFS(P_violacea_Spain_Med!$J:$J, P_violacea_Spain_Med!$B:$B, ">="&DATE(2011,2,1), P_violacea_Spain_Med!$B:$B, "<="&DATE(2011,2,28)) -> 0 | D9: =SUMIFS(P_violacea_Spain_Med!$J:$J, P_violacea_Spain_Med!$B:$B, ">="&DATE(2011,3,1), P_violacea_Spain_Med!$B:$B, "<="&DATE(2011,3,31)) -> 0 | E9: =SUMIFS(P_violacea_Spain_Med!$J:$J, P_violacea_Spain_Med!$B:$B, ">="&DATE(2011,4,1), P_violacea_Spain_Med!$B:$B, "<="&DATE(2011,4,30)) -> 0 | F9: =SUMIFS(P_violacea_Spain_Med!$J:$J, P_violacea_Spain_Med!$B:$B, ">="&DATE(2011,5,1), P_violacea_Spain_Med!$B:$B, "<="&DATE(2011,5,31)) -> 1 | G9: =SUMIFS(P_violacea_Spain_Med!$J:$J, P_violacea_Spain_Med!$B:$B, ">="&DATE(2011,6,1), P_violacea_Spain_Med!$B:$B, "<="&DATE(2011,6,30)) -> 0 | H9: =SUMIFS(P_violacea_Spain_Med!$J:$J, P_violacea_Spain_Med!$B:$B, ">="&DATE(2011,7,1), P_violacea_Spain_Med!$B:$B, "<="&DATE(2011,7,31)) -> 2 | I9: =SUMIFS(P_violacea_Spain_Med!$J:$J, P_violacea_Spain_Med!$B:$B, ">="&DATE(2011,8,1), P_violacea_Spain_Med!$B:$B, "<="&DATE(2011,8,31)) -> 1 | J9: =SUMIFS(P_violacea_Spain_Med!$J:$J, P_violacea_Spain_Med!$B:$B, ">="&DATE(2011,9,1), P_violacea_Spain_Med!$B:$B, "<="&DATE(2011,9,30)) -> 0 | K9: =SUMIFS(P_violacea_Spain_Med!$J:$J, P_violacea_Spain_Med!$B:$B, ">="&DATE(2011,10,1), P_violacea_Spain_Med!$B:$B, "<="&DATE(2011,10,31)) -> 0 | L9: =SUMIFS(P_violacea_Spain_Med!$J:$J, P_violacea_Spain_Med!$B:$B, ">="&DATE(2011,11,1), P_violacea_Spain_Med!$B:$B, "<="&DATE(2011,11,30)) -> 0 | M9: =SUMIFS(P_violacea_Spain_Med!$J:$J, P_violacea_Spain_Med!$B:$B, ">="&DATE(2011,12,1), P_violacea_Spain_Med!$B:$B, "<="&DATE(2011,12,31)) -> 0 | N9: =SUM($B9:$M9) -> 4
A10: 2012 | B10: =SUMIFS(P_violacea_Spain_Med!$J:$J, P_violacea_Spain_Med!$B:$B, ">="&DATE(2012,1,1), P_violacea_Spain_Med!$B:$B, "<="&DATE(2012,1,31)) -> 0 | C10: =SUMIFS(P_violacea_Spain_Med!$J:$J, P_violacea_Spain_Med!$B:$B, ">="&DATE(2012,2,1), P_violacea_Spain_Med!$B:$B, "<="&DATE(2012,2,29)) -> 0 | D10: =SUMIFS(P_violacea_Spain_Med!$J:$J, P_violacea_Spain_Med!$B:$B, ">="&DATE(2012,3,1), P_violacea_Spain_Med!$B:$B, "<="&DATE(2012,3,31)) -> 0 | E10: =SUMIFS(P_violacea_Spain_Med!$J:$J, P_violacea_Spain_Med!$B:$B, ">="&DATE(2012,4,1), P_violacea_Spain_Med!$B:$B, "<="&DATE(2012,4,30)) -> 0 | F10: =SUMIFS(P_violacea_Spain_Med!$J:$J, P_violacea_Spain_Med!$B:$B, ">="&DATE(2012,5,1), P_violacea_Spain_Med!$B:$B, "<="&DATE(2012,5,31)) -> 0 | G10: =SUMIFS(P_violacea_Spain_Med!$J:$J, P_violacea_Spain_Med!$B:$B, ">="&DATE(2012,6,1), P_violacea_Spain_Med!$B:$B, "<="&DATE(2012,6,30)) -> 0 | H10: =SUMIFS(P_violacea_Spain_Med!$J:$J, P_violacea_Spain_Med!$B:$B, ">="&DATE(2012,7,1), P_violacea_Spain_Med!$B:$B, "<="&DATE(2012,7,31)) -> 0 | I10: =SUMIFS(P_violacea_Spain_Med!$J:$J, P_violacea_Spain_Med!$B:$B, ">="&DATE(2012,8,1), P_violacea_Spain_Med!$B:$B, "<="&DATE(2012,8,31)) -> 2 | J10: =SUMIFS(P_violacea_Spain_Med!$J:$J, P_violacea_Spain_Med!$B:$B, ">="&DATE(2012,9,1), P_violacea_Spain_Med!$B:$B, "<="&DATE(2012,9,30)) -> 0 | K10: =SUMIFS(P_violacea_Spain_Med!$J:$J, P_violacea_Spain_Med!$B:$B, ">="&DATE(2012,10,1), P_violacea_Spain_Med!$B:$B, "<="&DATE(2012,10,31)) -> 0 | L10: =SUMIFS(P_violacea_Spain_Med!$J:$J, P_violacea_Spain_Med!$B:$B, ">="&DATE(2012,11,1), P_violacea_Spain_Med!$B:$B, "<="&DATE(2012,11,30)) -> 0 | M10: =SUMIFS(P_violacea_Spain_Med!$J:$J, P_violacea_Spain_Med!$B:$B, ">="&DATE(2012,12,1), P_violacea_Spain_Med!$B:$B, "<="&DATE(2012,12,31)) -> 0 | N10: =SUM($B10:$M10) -> 2
A11: 2013 | B11: =SUMIFS(P_violacea_Spain_Med!$J:$J, P_violacea_Spain_Med!$B:$B, ">="&DATE(2013,1,1), P_violacea_Spain_Med!$B:$B, "<="&DATE(2013,1,31)) -> 0 | C11: =SUMIFS(P_violacea_Spain_Med!$J:$J, P_violacea_Spain_Med!$B:$B, ">="&DATE(2013,2,1), P_violacea_Spain_Med!$B:$B, "<="&DATE(2013,2,28)) -> 0 | D11: =SUMIFS(P_violacea_Spain_Med!$J:$J, P_violacea_Spain_Med!$B:$B, ">="&DATE(2013,3,1), P_violacea_Spain_Med!$B:$B, "<="&DATE(2013,3,31)) -> 0 | E11: =SUMIFS(P_violacea_Spain_Med!$J:$J, P_violacea_Spain_Med!$B:$B, ">="&DATE(2013,4,1), P_violacea_Spain_Med!$B:$B, "<="&DATE(2013,4,30)) -> 0 | F11: =SUMIFS(P_violacea_Spain_Med!$J:$J, P_violacea_Spain_Med!$B:$B, ">="&DATE(2013,5,1), P_violacea_Spain_Med!$B:$B, "<="&DATE(2013,5,31)) -> 0 | G11: =SUMIFS(P_violacea_Spain_Med!$J:$J, P_violacea_Spain_Med!$B:$B, ">="&DATE(2013,6,1), P_violacea_Spain_Med!$B:$B, "<="&DATE(2013,6,30)) -> 0 | H11: =SUMIFS(P_violacea_Spain_Med!$J:$J, P_violacea_Spain_Med!$B:$B, ">="&DATE(2013,7,1), P_violacea_Spain_Med!$B:$B, "<="&DATE(2013,7,31)) -> 0 | I11: =SUMIFS(P_violacea_Spain_Med!$J:$J, P_violacea_Spain_Med!$B:$B, ">="&DATE(2013,8,1), P_violacea_Spain_Med!$B:$B, "<="&DATE(2013,8,31)) -> 9 | J11: =SUMIFS(P_violacea_Spain_Med!$J:$J, P_violacea_Spain_Med!$B:$B, ">="&DATE(2013,9,1), P_violacea_Spain_Med!$B:$B, "<="&DATE(2013,9,30)) -> 0 | K11: =SUMIFS(P_violacea_Spain_Med!$J:$J, P_violacea_Spain_Med!$B:$B, ">="&DATE(2013,10,1), P_violacea_Spain_Med!$B:$B, "<="&DATE(2013,10,31)) -> 0 | L11: =SUMIFS(P_violacea_Spain_Med!$J:$J, P_violacea_Spain_Med!$B:$B, ">="&DATE(2013,11,1), P_violacea_Spain_Med!$B:$B, "<="&DATE(2013,11,30)) -> 0 | M11: =SUMIFS(P_violacea_Spain_Med!$J:$J, P_violacea_Spain_Med!$B:$B, ">="&DATE(2013,12,1), P_violacea_Spain_Med!$B:$B, "<="&DATE(2013,12,31)) -> 0 | N11: =SUM($B11:$M11) -> 9
A12: 2014 | B12: =SUMIFS(P_violacea_Spain_Med!$J:$J, P_violacea_Spain_Med!$B:$B, ">="&DATE(2014,1,1), P_violacea_Spain_Med!$B:$B, "<="&DATE(2014,1,31)) -> 0 | C12: =SUMIFS(P_violacea_Spain_Med!$J:$J, P_violacea_Spain_Med!$B:$B, ">="&DATE(2014,2,1), P_violacea_Spain_Med!$B:$B, "<="&DATE(2014,2,28)) -> 0 | D12: =SUMIFS(P_violacea_Spain_Med!$J:$J, P_violacea_Spain_Med!$B:$B, ">="&DATE(2014,3,1), P_violacea_Spain_Med!$B:$B, "<="&DATE(2014,3,31)) -> 0 | E12: =SUMIFS(P_violacea_Spain_Med!$J:$J, P_violacea_Spain_Med!$B:$B, ">="&DATE(2014,4,1), P_violacea_Spain_Med!$B:$B, "<="&DATE(2014,4,30)) -> 0 | F12: =SUMIFS(P_violacea_Spain_Med!$J:$J, P_violacea_Spain_Med!$B:$B, ">="&DATE(2014,5,1), P_violacea_Spain_Med!$B:$B, "<="&DATE(2014,5,31)) -> 0 | G12: =SUMIFS(P_violacea_Spain_Med!$J:$J, P_violacea_Spain_Med!$B:$B, ">="&DATE(2014,6,1), P_violacea_Spain_Med!$B:$B, "<="&DATE(2014,6,30)) -> 0 | H12: =SUMIFS(P_violacea_Spain_Med!$J:$J, P_violacea_Spain_Med!$B:$B, ">="&DATE(2014,7,1), P_violacea_Spain_Med!$B:$B, "<="&DATE(2014,7,31)) -> 1 | I12: =SUMIFS(P_violacea_Spain_Med!$J:$J, P_violacea_Spain_Med!$B:$B, ">="&DATE(2014,8,1), P_violacea_Spain_Med!$B:$B, "<="&DATE(2014,8,31)) -> 0 | J12: =SUMIFS(P_violacea_Spain_Med!$J:$J, P_violacea_Spain_Med!$B:$B, ">="&DATE(2014,9,1), P_violacea_Spain_Med!$B:$B, "<="&DATE(2014,9,30)) -> 0 | K12: =SUMIFS(P_violacea_Spain_Med!$J:$J, P_violacea_Spain_Med!$B:$B, ">="&DATE(2014,10,1), P_violacea_Spain_Med!$B:$B, "<="&DATE(2014,10,31)) -> 0 | L12: =SUMIFS(P_violacea_Spain_Med!$J:$J, P_violacea_Spain_Med!$B:$B, ">="&DATE(2014,11,1), P_violacea_Spain_Med!$B:$B, "<="&DATE(2014,11,30)) -> 0 | M12: =SUMIFS(P_violacea_Spain_Med!$J:$J, P_violacea_Spain_Med!$B:$B, ">="&DATE(2014,12,1), P_violacea_Spain_Med!$B:$B, "<="&DATE(2014,12,31)) -> 0 | N12: =SUM($B12:$M12) -> 1
A13: 2015 | B13: =SUMIFS(P_violacea_Spain_Med!$J:$J, P_violacea_Spain_Med!$B:$B, ">="&DATE(2015,1,1), P_violacea_Spain_Med!$B:$B, "<="&DATE(2015,1,31)) -> 0 | C13: =SUMIFS(P_violacea_Spain_Med!$J:$J, P_violacea_Spain_Med!$B:$B, ">="&DATE(2015,2,1), P_violacea_Spain_Med!$B:$B, "<="&DATE(2015,2,28)) -> 0 | D13: =SUMIFS(P_violacea_Spain_Med!$J:$J, P_violacea_Spain_Med!$B:$B, ">="&DATE(2015,3,1), P_violacea_Spain_Med!$B:$B, "<="&DATE(2015,3,31)) -> 0 | E13: =SUMIFS(P_violacea_Spain_Med!$J:$J, P_violacea_Spain_Med!$B:$B, ">="&DATE(2015,4,1), P_violacea_Spain_Med!$B:$B, "<="&DATE(2015,4,30)) -> 0 | F13: =SUMIFS(P_violacea_Spain_Med!$J:$J, P_violacea_Spain_Med!$B:$B, ">="&DATE(2015,5,1), P_violacea_Spain_Med!$B:$B, "<="&DATE(2015,5,31)) -> 1 | G13: =SUMIFS(P_violacea_Spain_Med!$J:$J, P_violacea_Spain_Med!$B:$B, ">="&DATE(2015,6,1), P_violacea_Spain_Med!$B:$B, "<="&DATE(2015,6,30)) -> 1 | H13: =SUMIFS(P_violacea_Spain_Med!$J:$J, P_violacea_Spain_Med!$B:$B, ">="&DATE(2015,7,1), P_violacea_Spain_Med!$B:$B, "<="&DATE(2015,7,31)) -> 0 | I13: =SUMIFS(P_violacea_Spain_Med!$J:$J, P_violacea_Spain_Med!$B:$B, ">="&DATE(2015,8,1), P_violacea_Spain_Med!$B:$B, "<="&DATE(2015,8,31)) -> 0 | J13: =SUMIFS(P_violacea_Spain_Med!$J:$J, P_violacea_Spain_Med!$B:$B, ">="&DATE(2015,9,1), P_violacea_Spain_Med!$B:$B, "<="&DATE(2015,9,30)) -> 0 | K13: =SUMIFS(P_violacea_Spain_Med!$J:$J, P_violacea_Spain_Med!$B:$B, ">="&DATE(2015,10,1), P_violacea_Spain_Med!$B:$B, "<="&DATE(2015,10,31)) -> 0 | L13: =SUMIFS(P_violacea_Spain_Med!$J:$J, P_violacea_Spain_Med!$B:$B, ">="&DATE(2015,11,1), P_violacea_Spain_Med!$B:$B, "<="&DATE(2015,11,30)) -> 0 | M13: =SUMIFS(P_violacea_Spain_Med!$J:$J, P_violacea_Spain_Med!$B:$B, ">="&DATE(2015,12,1), P_violacea_Spain_Med!$B:$B, "<="&DATE(2015,12,31)) -> 0 | N13: =SUM($B13:$M13) -> 2
A14: 2016 | B14: =SUMIFS(P_violacea_Spain_Med!$J:$J, P_violacea_Spain_Med!$B:$B, ">="&DATE(2016,1,1), P_violacea_Spain_Med!$B:$B, "<="&DATE(2016,1,31)) -> 2 | C14: =SUMIFS(P_violacea_Spain_Med!$J:$J, P_violacea_Spain_Med!$B:$B, ">="&DATE(2016,2,1), P_violacea_Spain_Med!$B:$B, "<="&DATE(2016,2,29)) -> 0 | D14: =SUMIFS(P_violacea_Spain_Med!$J:$J, P_violacea_Spain_Med!$B:$B, ">="&DATE(2016,3,1), P_violacea_Spain_Med!$B:$B, "<="&DATE(2016,3,31)) -> 0 | E14: =SUMIFS(P_violacea_Spain_Med!$J:$J, P_violacea_Spain_Med!$B:$B, ">="&DATE(2016,4,1), P_violacea_Spain_Med!$B:$B, "<="&DATE(2016,4,30)) -> 0 | F14: =SUMIFS(P_violacea_Spain_Med!$J:$J, P_violacea_Spain_Med!$B:$B, ">="&DATE(2016,5,1), P_violacea_Spain_Med!$B:$B, "<="&DATE(2016,5,31)) -> 1 | G14: =SUMIFS(P_violacea_Spain_Med!$J:$J, P_violacea_Spain_Med!$B:$B, ">="&DATE(2016,6,1), P_violacea_Spain_Med!$B:$B, "<="&DATE(2016,6,30)) -> 0 | H14: =SUMIFS(P_violacea_Spain_Med!$J:$J, P_violacea_Spain_Med!$B:$B, ">="&DATE(2016,7,1), P_violacea_Spain_Med!$B:$B, "<="&DATE(2016,7,31)) -> 4 | I14: =SUMIFS(P_violacea_Spain_Med!$J:$J, P_violacea_Spain_Med!$B:$B, ">="&DATE(2016,8,1), P_violacea_Spain_Med!$B:$B, "<="&DATE(2016,8,31)) -> 5 | J14: =SUMIFS(P_violacea_Spain_Med!$J:$J, P_violacea_Spain_Med!$B:$B, ">="&DATE(2016,9,1), P_violacea_Spain_Med!$B:$B, "<="&DATE(2016,9,30)) -> 4 | K14: =SUMIFS(P_violacea_Spain_Med!$J:$J, P_violacea_Spain_Med!$B:$B, ">="&DATE(2016,10,1), P_violacea_Spain_Med!$B:$B, "<="&DATE(2016,10,31)) -> 0 | L14: =SUMIFS(P_violacea_Spain_Med!$J:$J, P_violacea_Spain_Med!$B:$B, ">="&DATE(2016,11,1), P_violacea_Spain_Med!$B:$B, "<="&DATE(2016,11,30)) -> 0 | M14: =SUMIFS(P_violacea_Spain_Med!$J:$J, P_violacea_Spain_Med!$B:$B, ">="&DATE(2016,12,1), P_violacea_Spain_Med!$B:$B, "<="&DATE(2016,12,31)) -> 0 | N14: =SUM($B14:$M14) -> 16
A15: 2017 | B15: =SUMIFS(P_violacea_Spain_Med!$J:$J, P_violacea_Spain_Med!$B:$B, ">="&DATE(2017,1,1), P_violacea_Spain_Med!$B:$B, "<="&DATE(2017,1,31)) -> 0 | C15: =SUMIFS(P_violacea_Spain_Med!$J:$J, P_violacea_Spain_Med!$B:$B, ">="&DATE(2017,2,1), P_violacea_Spain_Med!$B:$B, "<="&DATE(2017,2,28)) -> 0 | D15: =SUMIFS(P_violacea_Spain_Med!$J:$J, P_violacea_Spain_Med!$B:$B, ">="&DATE(2017,3,1), P_violacea_Spain_Med!$B:$B, "<="&DATE(2017,3,31)) -> 0 | E15: =SUMIFS(P_violacea_Spain_Med!$J:$J, P_violacea_Spain_Med!$B:$B, ">="&DATE(2017,4,1), P_violacea_Spain_Med!$B:$B, "<="&DATE(2017,4,30)) -> 0 | F15: =SUMIFS(P_violacea_Spain_Med!$J:$J, P_violacea_Spain_Med!$B:$B, ">="&DATE(2017,5,1), P_violacea_Spain_Med!$B:$B, "<="&DATE(2017,5,31)) -> 0 | G15: =SUMIFS(P_violacea_Spain_Med!$J:$J, P_violacea_Spain_Med!$B:$B, ">="&DATE(2017,6,1), P_violacea_Spain_Med!$B:$B, "<="&DATE(2017,6,30)) -> 1 | H15: =SUMIFS(P_violacea_Spain_Med!$J:$J, P_violacea_Spain_Med!$B:$B, ">="&DATE(2017,7,1), P_violacea_Spain_Med!$B:$B, "<="&DATE(2017,7,31)) -> 1 | I15: =SUMIFS(P_violacea_Spain_Med!$J:$J, P_violacea_Spain_Med!$B:$B, ">="&DATE(2017,8,1), P_violacea_Spain_Med!$B:$B, "<="&DATE(2017,8,31)) -> 4 | J15: =SUMIFS(P_violacea_Spain_Med!$J:$J, P_violacea_Spain_Med!$B:$B, ">="&DATE(2017,9,1), P_violacea_Spain_Med!$B:$B, "<="&DATE(2017,9,30)) -> 0 | K15: =SUMIFS(P_violacea_Spain_Med!$J:$J, P_violacea_Spain_Med!$B:$B, ">="&DATE(2017,10,1), P_violacea_Spain_Med!$B:$B, "<="&DATE(2017,10,31)) -> 0 | L15: =SUMIFS(P_violacea_Spain_Med!$J:$J, P_violacea_Spain_Med!$B:$B, ">="&DATE(2017,11,1), P_violacea_Spain_Med!$B:$B, "<="&DATE(2017,11,30)) -> 0 | M15: =SUMIFS(P_violacea_Spain_Med!$J:$J, P_violacea_Spain_Med!$B:$B, ">="&DATE(2017,12,1), P_violacea_Spain_Med!$B:$B, "<="&DATE(2017,12,31)) -> 0 | N15: =SUM($B15:$M15) -> 6
A16: 2018 | B16: =SUMIFS(P_violacea_Spain_Med!$J:$J, P_violacea_Spain_Med!$B:$B, ">="&DATE(2018,1,1), P_violacea_Spain_Med!$B:$B, "<="&DATE(2018,1,31)) -> 0 | C16: =SUMIFS(P_violacea_Spain_Med!$J:$J, P_violacea_Spain_Med!$B:$B, ">="&DATE(2018,2,1), P_violacea_Spain_Med!$B:$B, "<="&DATE(2018,2,28)) -> 0 | D16: =SUMIFS(P_violacea_Spain_Med!$J:$J, P_violacea_Spain_Med!$B:$B, ">="&DATE(2018,3,1), P_violacea_Spain_Med!$B:$B, "<="&DATE(2018,3,31)) -> 0 | E16: =SUMIFS(P_violacea_Spain_Med!$J:$J, P_violacea_Spain_Med!$B:$B, ">="&DATE(2018,4,1), P_violacea_Spain_Med!$B:$B, "<="&DATE(2018,4,30)) -> 22 | F16: =SUMIFS(P_violacea_Spain_Med!$J:$J, P_violacea_Spain_Med!$B:$B, ">="&DATE(2018,5,1), P_violacea_Spain_Med!$B:$B, "<="&DATE(2018,5,31)) -> 10 | G16: =SUMIFS(P_violacea_Spain_Med!$J:$J, P_violacea_Spain_Med!$B:$B, ">="&DATE(2018,6,1), P_violacea_Spain_Med!$B:$B, "<="&DATE(2018,6,30)) -> 1 | H16: =SUMIFS(P_violacea_Spain_Med!$J:$J, P_violacea_Spain_Med!$B:$B, ">="&DATE(2018,7,1), P_violacea_Spain_Med!$B:$B, "<="&DATE(2018,7,31)) -> 12 | I16: =SUMIFS(P_violacea_Spain_Med!$J:$J, P_violacea_Spain_Med!$B:$B, ">="&DATE(2018,8,1), P_violacea_Spain_Med!$B:$B, "<="&DATE(2018,8,31)) -> 71 | J16: =SUMIFS(P_violacea_Spain_Med!$J:$J, P_violacea_Spain_Med!$B:$B, ">="&DATE(2018,9,1), P_violacea_Spain_Med!$B:$B, "<="&DATE(2018,9,30)) -> 5 | K16: =SUMIFS(P_violacea_Spain_Med!$J:$J, P_violacea_Spain_Med!$B:$B, ">="&DATE(2018,10,1), P_violacea_Spain_Med!$B:$B, "<="&DATE(2018,10,31)) -> 0 | L16: =SUMIFS(P_violacea_Spain_Med!$J:$J, P_violacea_Spain_Med!$B:$B, ">="&DATE(2018,11,1), P_violacea_Spain_Med!$B:$B, "<="&DATE(2018,11,30)) -> 19 | M16: =SUMIFS(P_violacea_Spain_Med!$J:$J, P_violacea_Spain_Med!$B:$B, ">="&DATE(2018,12,1), P_violacea_Spain_Med!$B:$B, "<="&DATE(2018,12,31)) -> 0 | N16: =SUM($B16:$M16) -> 140
A17: 2019 | B17: =SUMIFS(P_violacea_Spain_Med!$J:$J, P_violacea_Spain_Med!$B:$B, ">="&DATE(2019,1,1), P_violacea_Spain_Med!$B:$B, "<="&DATE(2019,1,31)) -> 1 | C17: =SUMIFS(P_violacea_Spain_Med!$J:$J, P_violacea_Spain_Med!$B:$B, ">="&DATE(2019,2,1), P_violacea_Spain_Med!$B:$B, "<="&DATE(2019,2,28)) -> 0 | D17: =SUMIFS(P_violacea_Spain_Med!$J:$J, P_violacea_Spain_Med!$B:$B, ">="&DATE(2019,3,1), P_violacea_Spain_Med!$B:$B, "<="&DATE(2019,3,31)) -> 0 | E17: =SUMIFS(P_violacea_Spain_Med!$J:$J, P_violacea_Spain_Med!$B:$B, ">="&DATE(2019,4,1), P_violacea_Spain_Med!$B:$B, "<="&DATE(2019,4,30)) -> 0 | F17: =SUMIFS(P_violacea_Spain_Med!$J:$J, P_violacea_Spain_Med!$B:$B, ">="&DATE(2019,5,1), P_violacea_Spain_Med!$B:$B, "<="&DATE(2019,5,31)) -> 0 | G17: =SUMIFS(P_violacea_Spain_Med!$J:$J, P_violacea_Spain_Med!$B:$B, ">="&DATE(2019,6,1), P_violacea_Spain_Med!$B:$B, "<="&DATE(2019,6,30)) -> 1 | H17: =SUMIFS(P_violacea_Spain_Med!$J:$J, P_violacea_Spain_Med!$B:$B, ">="&DATE(2019,7,1), P_violacea_Spain_Med!$B:$B, "<="&DATE(2019,7,31)) -> 4 | I17: =SUMIFS(P_violacea_Spain_Med!$J:$J, P_violacea_Spain_Med!$B:$B, ">="&DATE(2019,8,1), P_violacea_Spain_Med!$B:$B, "<="&DATE(2019,8,31)) -> 8 | J17: =SUMIFS(P_violacea_Spain_Med!$J:$J, P_violacea_Spain_Med!$B:$B, ">="&DATE(2019,9,1), P_violacea_Spain_Med!$B:$B, "<="&DATE(2019,9,30)) -> 0 | K17: =SUMIFS(P_violacea_Spain_Med!$J:$J, P_violacea_Spain_Med!$B:$B, ">="&DATE(2019,10,1), P_violacea_Spain_Med!$B:$B, "<="&DATE(2019,10,31)) -> 0 | L17: =SUMIFS(P_violacea_Spain_Med!$J:$J, P_violacea_Spain_Med!$B:$B, ">="&DATE(2019,11,1), P_violacea_Spain_Med!$B:$B, "<="&DATE(2019,11,30)) -> 0 | M17: =SUMIFS(P_violacea_Spain_Med!$J:$J, P_violacea_Spain_Med!$B:$B, ">="&DATE(2019,12,1), P_violacea_Spain_Med!$B:$B, "<="&DATE(2019,12,31)) -> 0 | N17: =SUM($B17:$M17) -> 14
A18: 2020 | B18: =SUMIFS(P_violacea_Spain_Med!$J:$J, P_violacea_Spain_Med!$B:$B, ">="&DATE(2020,1,1), P_violacea_Spain_Med!$B:$B, "<="&DATE(2020,1,31)) -> 0 | C18: =SUMIFS(P_violacea_Spain_Med!$J:$J, P_violacea_Spain_Med!$B:$B, ">="&DATE(2020,2,1), P_violacea_Spain_Med!$B:$B, "<="&DATE(2020,2,29)) -> 0 | D18: =SUMIFS(P_violacea_Spain_Med!$J:$J, P_violacea_Spain_Med!$B:$B, ">="&DATE(2020,3,1), P_violacea_Spain_Med!$B:$B, "<="&DATE(2020,3,31)) -> 0 | E18: =SUMIFS(P_violacea_Spain_Med!$J:$J, P_violacea_Spain_Med!$B:$B, ">="&DATE(2020,4,1), P_violacea_Spain_Med!$B:$B, "<="&DATE(2020,4,30)) -> 1 | F18: =SUMIFS(P_violacea_Spain_Med!$J:$J, P_violacea_Spain_Med!$B:$B, ">="&DATE(2020,5,1), P_violacea_Spain_Med!$B:$B, "<="&DATE(2020,5,31)) -> 1 | G18: =SUMIFS(P_violacea_Spain_Med!$J:$J, P_violacea_Spain_Med!$B:$B, ">="&DATE(2020,6,1), P_violacea_Spain_Med!$B:$B, "<="&DATE(2020,6,30)) -> 21 | H18: =SUMIFS(P_violacea_Spain_Med!$J:$J, P_violacea_Spain_Med!$B:$B, ">="&DATE(2020,7,1), P_violacea_Spain_Med!$B:$B, "<="&DATE(2020,7,31)) -> 44 | I18: =SUMIFS(P_violacea_Spain_Med!$J:$J, P_violacea_Spain_Med!$B:$B, ">="&DATE(2020,8,1), P_violacea_Spain_Med!$B:$B, "<="&DATE(2020,8,31)) -> 6 | J18: =SUMIFS(P_violacea_Spain_Med!$J:$J, P_violacea_Spain_Med!$B:$B, ">="&DATE(2020,9,1), P_violacea_Spain_Med!$B:$B, "<="&DATE(2020,9,30)) -> 3 | K18: =SUMIFS(P_violacea_Spain_Med!$J:$J, P_violacea_Spain_Med!$B:$B, ">="&DATE(2020,10,1), P_violacea_Spain_Med!$B:$B, "<="&DATE(2020,10,31)) -> 0 | L18: =SUMIFS(P_violacea_Spain_Med!$J:$J, P_violacea_Spain_Med!$B:$B, ">="&DATE(2020,11,1), P_violacea_Spain_Med!$B:$B, "<="&DATE(2020,11,30)) -> 0 | M18: =SUMIFS(P_violacea_Spain_Med!$J:$J, P_violacea_Spain_Med!$B:$B, ">="&DATE(2020,12,1), P_violacea_Spain_Med!$B:$B, "<="&DATE(2020,12,31)) -> 1 | N18: =SUM($B18:$M18) -> 77
A19: 2021 | B19: =SUMIFS(P_violacea_Spain_Med!$J:$J, P_violacea_Spain_Med!$B:$B, ">="&DATE(2021,1,1), P_violacea_Spain_Med!$B:$B, "<="&DATE(2021,1,31)) -> 0 | C19: =SUMIFS(P_violacea_Spain_Med!$J:$J, P_violacea_Spain_Med!$B:$B, ">="&DATE(2021,2,1), P_violacea_Spain_Med!$B:$B, "<="&DATE(2021,2,20)) -> 0 | D19: =SUMIFS(P_violacea_Spain_Med!$J:$J, P_violacea_Spain_Med!$B:$B, ">="&DATE(2021,3,1), P_violacea_Spain_Med!$B:$B, "<="&DATE(2021,3,31)) -> 0 | E19: =SUMIFS(P_violacea_Spain_Med!$J:$J, P_violacea_Spain_Med!$B:$B, ">="&DATE(2021,4,1), P_violacea_Spain_Med!$B:$B, "<="&DATE(2021,4,30)) -> 0 | F19: =SUMIFS(P_violacea_Spain_Med!$J:$J, P_violacea_Spain_Med!$B:$B, ">="&DATE(2021,5,1), P_violacea_Spain_Med!$B:$B, "<="&DATE(2021,5,31)) -> 0 | G19: =SUMIFS(P_violacea_Spain_Med!$J:$J, P_violacea_Spain_Med!$B:$B, ">="&DATE(2021,6,1), P_violacea_Spain_Med!$B:$B, "<="&DATE(2021,6,30)) -> 7 | H19: =SUMIFS(P_violacea_Spain_Med!$J:$J, P_violacea_Spain_Med!$B:$B, ">="&DATE(2021,7,1), P_violacea_Spain_Med!$B:$B, "<="&DATE(2021,7,31)) -> 7 | I19: =SUMIFS(P_violacea_Spain_Med!$J:$J, P_violacea_Spain_Med!$B:$B, ">="&DATE(2021,8,1), P_violacea_Spain_Med!$B:$B, "<="&DATE(2021,8,31)) -> 1 | J19: =SUMIFS(P_violacea_Spain_Med!$J:$J, P_violacea_Spain_Med!$B:$B, ">="&DATE(2021,9,1), P_violacea_Spain_Med!$B:$B, "<="&DATE(2021,9,30)) -> 0 | K19: =SUMIFS(P_violacea_Spain_Med!$J:$J, P_violacea_Spain_Med!$B:$B, ">="&DATE(2021,10,1), P_violacea_Spain_Med!$B:$B, "<="&DATE(2021,10,31)) -> 1 | L19: =SUMIFS(P_violacea_Spain_Med!$J:$J, P_violacea_Spain_Med!$B:$B, ">="&DATE(2021,11,1), P_violacea_Spain_Med!$B:$B, "<="&DATE(2021,11,30)) -> 0 | M19: =SUMIFS(P_violacea_Spain_Med!$J:$J, P_violacea_Spain_Med!$B:$B, ">="&DATE(2021,12,1), P_violacea_Spain_Med!$B:$B, "<="&DATE(2021,12,31)) -> 0 | N19: =SUM($B19:$M19) -> 16
A20: 2022 | B20: =SUMIFS(P_violacea_Spain_Med!$J:$J, P_violacea_Spain_Med!$B:$B, ">="&DATE(2022,1,1), P_violacea_Spain_Med!$B:$B, "<="&DATE(2022,1,31)) -> 0 | C20: =SUMIFS(P_violacea_Spain_Med!$J:$J, P_violacea_Spain_Med!$B:$B, ">="&DATE(2022,2,1), P_violacea_Spain_Med!$B:$B, "<="&DATE(2022,2,20)) -> 0 | D20: =SUMIFS(P_violacea_Spain_Med!$J:$J, P_violacea_Spain_Med!$B:$B, ">="&DATE(2022,3,1), P_violacea_Spain_Med!$B:$B, "<="&DATE(2022,3,31)) -> 1 | E20: =SUMIFS(P_violacea_Spain_Med!$J:$J, P_violacea_Spain_Med!$B:$B, ">="&DATE(2022,4,1), P_violacea_Spain_Med!$B:$B, "<="&DATE(2022,4,30)) -> 0 | F20: =SUMIFS(P_violacea_Spain_Med!$J:$J, P_violacea_Spain_Med!$B:$B, ">="&DATE(2022,5,1), P_violacea_Spain_Med!$B:$B, "<="&DATE(2022,5,31)) -> 0 | G20: =SUMIFS(P_violacea_Spain_Med!$J:$J, P_violacea_Spain_Med!$B:$B, ">="&DATE(2022,6,1), P_violacea_Spain_Med!$B:$B, "<="&DATE(2022,6,30)) -> 0 | H20: =SUMIFS(P_violacea_Spain_Med!$J:$J, P_violacea_Spain_Med!$B:$B, ">="&DATE(2022,7,1), P_violacea_Spain_Med!$B:$B, "<="&DATE(2022,7,31)) -> 12 | I20: =SUMIFS(P_violacea_Spain_Med!$J:$J, P_violacea_Spain_Med!$B:$B, ">="&DATE(2022,8,1), P_violacea_Spain_Med!$B:$B, "<="&DATE(2022,8,31)) -> 14 | J20: =SUMIFS(P_violacea_Spain_Med!$J:$J, P_violacea_Spain_Med!$B:$B, ">="&DATE(2022,9,1), P_violacea_Spain_Med!$B:$B, "<="&DATE(2022,9,30)) -> 1 | K20: =SUMIFS(P_violacea_Spain_Med!$J:$J, P_violacea_Spain_Med!$B:$B, ">="&DATE(2022,10,1), P_violacea_Spain_Med!$B:$B, "<="&DATE(2022,10,31)) -> 0 | L20: =SUMIFS(P_violacea_Spain_Med!$J:$J, P_violacea_Spain_Med!$B:$B, ">="&DATE(2022,11,1), P_violacea_Spain_Med!$B:$B, "<="&DATE(2022,11,30)) -> 1 | M20: =SUMIFS(P_violacea_Spain_Med!$J:$J, P_violacea_Spain_Med!$B:$B, ">="&DATE(2022,12,1), P_violacea_Spain_Med!$B:$B, "<="&DATE(2022,12,31)) -> 1 | N20: =SUM($B20:$M20) -> 30
A21: 2023 | B21: =SUMIFS(P_violacea_Spain_Med!$J:$J, P_violacea_Spain_Med!$B:$B, ">="&DATE(2023,1,1), P_violacea_Spain_Med!$B:$B, "<="&DATE(2023,1,31)) -> 0 | C21: =SUMIFS(P_violacea_Spain_Med!$J:$J, P_violacea_Spain_Med!$B:$B, ">="&DATE(2023,2,1), P_violacea_Spain_Med!$B:$B, "<="&DATE(2023,2,20)) -> 0 | D21: =SUMIFS(P_violacea_Spain_Med!$J:$J, P_violacea_Spain_Med!$B:$B, ">="&DATE(2023,3,1), P_violacea_Spain_Med!$B:$B, "<="&DATE(2023,3,31)) -> 0 | E21: =SUMIFS(P_violacea_Spain_Med!$J:$J, P_violacea_Spain_Med!$B:$B, ">="&DATE(2023,4,1), P_violacea_Spain_Med!$B:$B, "<="&DATE(2023,4,30)) -> 0 | F21: =SUMIFS(P_violacea_Spain_Med!$J:$J, P_violacea_Spain_Med!$B:$B, ">="&DATE(2023,5,1), P_violacea_Spain_Med!$B:$B, "<="&DATE(2023,5,31)) -> 0 | G21: =SUMIFS(P_violacea_Spain_Med!$J:$J, P_violacea_Spain_Med!$B:$B, ">="&DATE(2023,6,1), P_violacea_Spain_Med!$B:$B, "<="&DATE(2023,6,30)) -> 0 | H21: =SUMIFS(P_violacea_Spain_Med!$J:$J, P_violacea_Spain_Med!$B:$B, ">="&DATE(2023,7,1), P_violacea_Spain_Med!$B:$B, "<="&DATE(2023,7,31)) -> 4 | I21: =SUMIFS(P_violacea_Spain_Med!$J:$J, P_violacea_Spain_Med!$B:$B, ">="&DATE(2023,8,1), P_violacea_Spain_Med!$B:$B, "<="&DATE(2023,8,31)) -> 8 | J21: =SUMIFS(P_violacea_Spain_Med!$J:$J, P_violacea_Spain_Med!$B:$B, ">="&DATE(2023,9,1), P_violacea_Spain_Med!$B:$B, "<="&DATE(2023,9,30)) -> 1 | K21: =SUMIFS(P_violacea_Spain_Med!$J:$J, P_violacea_Spain_Med!$B:$B, ">="&DATE(2023,10,1), P_violacea_Spain_Med!$B:$B, "<="&DATE(2023,10,31)) -> 1 | L21: =SUMIFS(P_violacea_Spain_Med!$J:$J, P_violacea_Spain_Med!$B:$B, ">="&DATE(2023,11,1), P_violacea_Spain_Med!$B:$B, "<="&DATE(2023,11,30)) -> 0 | M21: =SUMIFS(P_violacea_Spain_Med!$J:$J, P_violacea_Spain_Med!$B:$B, ">="&DATE(2023,12,1), P_violacea_Spain_Med!$B:$B, "<="&DATE(2023,12,31)) -> 0 | N21: =SUM($B21:$M21) -> 14
A22: 2024 | B22: =SUMIFS(P_violacea_Spain_Med!$J:$J, P_violacea_Spain_Med!$B:$B, ">="&DATE(2024,1,1), P_violacea_Spain_Med!$B:$B, "<="&DATE(2024,1,31)) -> 0 | C22: =SUMIFS(P_violacea_Spain_Med!$J:$J, P_violacea_Spain_Med!$B:$B, ">="&DATE(2024,2,1), P_violacea_Spain_Med!$B:$B, "<="&DATE(2024,2,29)) -> 0 | D22: =SUMIFS(P_violacea_Spain_Med!$J:$J, P_violacea_Spain_Med!$B:$B, ">="&DATE(2024,3,1), P_violacea_Spain_Med!$B:$B, "<="&DATE(2024,3,31)) -> 0 | E22: =SUMIFS(P_violacea_Spain_Med!$J:$J, P_violacea_Spain_Med!$B:$B, ">="&DATE(2024,4,1), P_violacea_Spain_Med!$B:$B, "<="&DATE(2024,4,30)) -> 2 | F22: =SUMIFS(P_violacea_Spain_Med!$J:$J, P_violacea_Spain_Med!$B:$B, ">="&DATE(2024,5,1), P_violacea_Spain_Med!$B:$B, "<="&DATE(2024,5,31)) -> 2 | G22: =SUMIFS(P_violacea_Spain_Med!$J:$J, P_violacea_Spain_Med!$B:$B, ">="&DATE(2024,6,1), P_violacea_Spain_Med!$B:$B, "<="&DATE(2024,6,30)) -> 4 | H22: =SUMIFS(P_violacea_Spain_Med!$J:$J, P_violacea_Spain_Med!$B:$B, ">="&DATE(2024,7,1), P_violacea_Spain_Med!$B:$B, "<="&DATE(2024,7,31)) -> 40 | I22: =SUMIFS(P_violacea_Spain_Med!$J:$J, P_violacea_Spain_Med!$B:$B, ">="&DATE(2024,8,1), P_violacea_Spain_Med!$B:$B, "<="&DATE(2024,8,31)) -> 28 | J22: =SUMIFS(P_violacea_Spain_Med!$J:$J, P_violacea_Spain_Med!$B:$B, ">="&DATE(2024,9,1), P_violacea_Spain_Med!$B:$B, "<="&DATE(2024,9,30)) -> 4 | K22: =SUMIFS(P_violacea_Spain_Med!$J:$J, P_violacea_Spain_Med!$B:$B, ">="&DATE(2024,10,1), P_violacea_Spain_Med!$B:$B, "<="&DATE(2024,10,31)) -> 1 | L22: =SUMIFS(P_violacea_Spain_Med!$J:$J, P_violacea_Spain_Med!$B:$B, ">="&DATE(2024,11,1), P_violacea_Spain_Med!$B:$B, "<="&DATE(2024,11,30)) -> 0 | M22: =SUMIFS(P_violacea_Spain_Med!$J:$J, P_violacea_Spain_Med!$B:$B, ">="&DATE(2024,12,1), P_violacea_Spain_Med!$B:$B, "<="&DATE(2024,12,31)) -> 1 | N22: =SUM($B22:$M22) -> 82
A23: 2025 | B23: =SUMIFS(P_violacea_Spain_Med!$J:$J, P_violacea_Spain_Med!$B:$B, ">="&DATE(2025,1,1), P_violacea_Spain_Med!$B:$B, "<="&DATE(2025,1,31)) -> 0 | C23: =SUMIFS(P_violacea_Spain_Med!$J:$J, P_violacea_Spain_Med!$B:$B, ">="&DATE(2025,2,1), P_violacea_Spain_Med!$B:$B, "<="&DATE(2025,2,20)) -> 0 | D23: =SUMIFS(P_violacea_Spain_Med!$J:$J, P_violacea_Spain_Med!$B:$B, ">="&DATE(2025,3,1), P_violacea_Spain_Med!$B:$B, "<="&DATE(2025,3,31)) -> 0 | E23: =SUMIFS(P_violacea_Spain_Med!$J:$J, P_violacea_Spain_Med!$B:$B, ">="&DATE(2025,4,1), P_violacea_Spain_Med!$B:$B, "<="&DATE(2025,4,30)) -> 0 | F23: =SUMIFS(P_violacea_Spain_Med!$J:$J, P_violacea_Spain_Med!$B:$B, ">="&DATE(2025,5,1), P_violacea_Spain_Med!$B:$B, "<="&DATE(2025,5,31)) -> 24 | G23: =SUMIFS(P_violacea_Spain_Med!$J:$J, P_violacea_Spain_Med!$B:$B, ">="&DATE(2025,6,1), P_violacea_Spain_Med!$B:$B, "<="&DATE(2025,6,30)) -> 73 | H23: =SUMIFS(P_violacea_Spain_Med!$J:$J, P_violacea_Spain_Med!$B:$B, ">="&DATE(2025,7,1), P_violacea_Spain_Med!$B:$B, "<="&DATE(2025,7,31)) -> 17 | I23: =SUMIFS(P_violacea_Spain_Med!$J:$J, P_violacea_Spain_Med!$B:$B, ">="&DATE(2025,8,1), P_violacea_Spain_Med!$B:$B, "<="&DATE(2025,8,31)) -> 9 | J23: =SUMIFS(P_violacea_Spain_Med!$J:$J, P_violacea_Spain_Med!$B:$B, ">="&DATE(2025,9,1), P_violacea_Spain_Med!$B:$B, "<="&DATE(2025,9,30)) -> 0 | K23: =SUMIFS(P_violacea_Spain_Med!$J:$J, P_violacea_Spain_Med!$B:$B, ">="&DATE(2025,10,1), P_violacea_Spain_Med!$B:$B, "<="&DATE(2025,10,31)) -> 7 | L23: =SUMIFS(P_violacea_Spain_Med!$J:$J, P_violacea_Spain_Med!$B:$B, ">="&DATE(2025,11,1), P_violacea_Spain_Med!$B:$B, "<="&DATE(2025,11,30)) -> 0 | M23: =SUMIFS(P_violacea_Spain_Med!$J:$J, P_violacea_Spain_Med!$B:$B, ">="&DATE(2025,12,1), P_violacea_Spain_Med!$B:$B, "<="&DATE(2025,12,31)) -> 1 | N23: =SUM($B23:$M23) -> 131

Sheet Conteo_region
A1: Año | B1: Gir | C1: Bcn | D1: Tar | E1: CAT | F1: Cas | G1: Vlc | H1: Alc | I1: C. VAL | J1: R. MUR | K1: Alm | L1: Gra | M1: Mal | N1: Cad | O1: AND | P1: I. BAL | Q1: CEU | R1: MEL | S1: nd | T1: Total Regions
A2: 1987 | B2: =SUMIFS(P_violacea_Spain_Med!$J:$J, P_violacea_Spain_Med!$B:$B, ">="&DATE(1987,1,1), P_violacea_Spain_Med!$B:$B, "<"&DATE(1988,1,1), P_violacea_Spain_Med!$F:$F, "Girona") -> 0 | C2: =SUMIFS(P_violacea_Spain_Med!$J:$J, P_violacea_Spain_Med!$B:$B, ">="&DATE(1987,1,1), P_violacea_Spain_Med!$B:$B, "<"&DATE(1988,1,1), P_violacea_Spain_Med!$F:$F, "Barcelona") -> 1 | D2: =SUMIFS(P_violacea_Spain_Med!$J:$J, P_violacea_Spain_Med!$B:$B, ">="&DATE(1987,1,1), P_violacea_Spain_Med!$B:$B, "<"&DATE(1988,1,1), P_violacea_Spain_Med!$F:$F, "Tarragona") -> 0 | E2: =SUM(B2:D2) -> 1 | F2: =SUMIFS(P_violacea_Spain_Med!$J:$J, P_violacea_Spain_Med!$B:$B, ">="&DATE(1987,1,1), P_violacea_Spain_Med!$B:$B, "<"&DATE(1988,1,1), P_violacea_Spain_Med!$F:$F, "Castellón") -> 0 | G2: =SUMIFS(P_violacea_Spain_Med!$J:$J, P_violacea_Spain_Med!$B:$B, ">="&DATE(1987,1,1), P_violacea_Spain_Med!$B:$B, "<"&DATE(1988,1,1), P_violacea_Spain_Med!$F:$F, "Valencia") -> 0 | H2: =SUMIFS(P_violacea_Spain_Med!$J:$J, P_violacea_Spain_Med!$B:$B, ">="&DATE(1987,1,1), P_violacea_Spain_Med!$B:$B, "<"&DATE(1988,1,1), P_violacea_Spain_Med!$F:$F, "Alicante") -> 0 | I2: =SUM(F2:H2) -> 0 | J2: =SUMIFS(P_violacea_Spain_Med!$J:$J, P_violacea_Spain_Med!$B:$B, ">="&DATE(1987,1,1), P_violacea_Spain_Med!$B:$B, "<"&DATE(1988,1,1), P_violacea_Spain_Med!$F:$F, "Región de Murcia") -> 0 | K2: =SUMIFS(P_violacea_Spain_Med!$J:$J, P_violacea_Spain_Med!$B:$B, ">="&DATE(1987,1,1), P_violacea_Spain_Med!$B:$B, "<"&DATE(1988,1,1), P_violacea_Spain_Med!$F:$F, "Almería") -> 0 | L2: =SUMIFS(P_violacea_Spain_Med!$J:$J, P_violacea_Spain_Med!$B:$B, ">="&DATE(1987,1,1), P_violacea_Spain_Med!$B:$B, "<"&DATE(1988,1,1), P_violacea_Spain_Med!$F:$F, "Granada") -> 0 | M2: =SUMIFS(P_violacea_Spain_Med!$J:$J, P_violacea_Spain_Med!$B:$B, ">="&DATE(1987,1,1), P_violacea_Spain_Med!$B:$B, "<"&DATE(1988,1,1), P_violacea_Spain_Med!$F:$F, "Málaga") -> 0 | N2: =SUMIFS(P_violacea_Spain_Med!$J:$J, P_violacea_Spain_Med!$B:$B, ">="&DATE(1987,1,1), P_violacea_Spain_Med!$B:$B, "<"&DATE(1988,1,1), P_violacea_Spain_Med!$F:$F, "Cádiz") -> 0 | O2: =SUM(K2:N2) -> 0 | P2: =SUMIFS(P_violacea_Spain_Med!$J:$J, P_violacea_Spain_Med!$B:$B, ">="&DATE(1987,1,1), P_violacea_Spain_Med!$B:$B, "<"&DATE(1988,1,1), P_violacea_Spain_Med!$F:$F, "Islas Baleares") -> 0 | Q2: =SUMIFS(P_violacea_Spain_Med!$J:$J, P_violacea_Spain_Med!$B:$B, ">="&DATE(1987,1,1), P_violacea_Spain_Med!$B:$B, "<"&DATE(1988,1,1), P_violacea_Spain_Med!$F:$F, "Ceuta") -> 0 | R2: =SUMIFS(P_violacea_Spain_Med!$J:$J, P_violacea_Spain_Med!$B:$B, ">="&DATE(1987,1,1), P_violacea_Spain_Med!$B:$B, "<"&DATE(1988,1,1), P_violacea_Spain_Med!$F:$F, "Melilla") -> 0 | S2: =SUMIFS(P_violacea_Spain_Med!$J:$J, P_violacea_Spain_Med!$B:$B, ">="&DATE(1987,1,1), P_violacea_Spain_Med!$B:$B, "<"&DATE(1988,1,1), P_violacea_Spain_Med!$F:$F, "nd") -> 0 | T2: =SUM(E2+I2+J2+O2+P2+Q2+R2+S2) -> 1
A3: 2005 | B3: =SUMIFS(P_violacea_Spain_Med!$J:$J, P_violacea_Spain_Med!$B:$B, ">="&DATE(2005,1,1), P_violacea_Spain_Med!$B:$B, "<"&DATE(2006,1,1), P_violacea_Spain_Med!$F:$F, "Girona") -> 0 | C3: =SUMIFS(P_violacea_Spain_Med!$J:$J, P_violacea_Spain_Med!$B:$B, ">="&DATE(2005,1,1), P_violacea_Spain_Med!$B:$B, "<"&DATE(2006,1,1), P_violacea_Spain_Med!$F:$F, "Barcelona") -> 1 | D3: =SUMIFS(P_violacea_Spain_Med!$J:$J, P_violacea_Spain_Med!$B:$B, ">="&DATE(2005,1,1), P_violacea_Spain_Med!$B:$B, "<"&DATE(2006,1,1), P_violacea_Spain_Med!$F:$F, "Tarragona") -> 0 | E3: =SUM(B3:D3) -> 1 | F3: =SUMIFS(P_violacea_Spain_Med!$J:$J, P_violacea_Spain_Med!$B:$B, ">="&DATE(2005,1,1), P_violacea_Spain_Med!$B:$B, "<"&DATE(2006,1,1), P_violacea_Spain_Med!$F:$F, "Castellón") -> 0 | G3: =SUMIFS(P_violacea_Spain_Med!$J:$J, P_violacea_Spain_Med!$B:$B, ">="&DATE(2005,1,1), P_violacea_Spain_Med!$B:$B, "<"&DATE(2006,1,1), P_violacea_Spain_Med!$F:$F, "Valencia") -> 0 | H3: =SUMIFS(P_violacea_Spain_Med!$J:$J, P_violacea_Spain_Med!$B:$B, ">="&DATE(2005,1,1), P_violacea_Spain_Med!$B:$B, "<"&DATE(2006,1,1), P_violacea_Spain_Med!$F:$F, "Alicante") -> 0 | I3: =SUM(F3:H3) -> 0 | J3: =SUMIFS(P_violacea_Spain_Med!$J:$J, P_violacea_Spain_Med!$B:$B, ">="&DATE(2005,1,1), P_violacea_Spain_Med!$B:$B, "<"&DATE(2006,1,1), P_violacea_Spain_Med!$F:$F, "Región de Murcia") -> 0 | K3: =SUMIFS(P_violacea_Spain_Med!$J:$J, P_violacea_Spain_Med!$B:$B, ">="&DATE(2005,1,1), P_violacea_Spain_Med!$B:$B, "<"&DATE(2006,1,1), P_violacea_Spain_Med!$F:$F, "Almería") -> 0 | L3: =SUMIFS(P_violacea_Spain_Med!$J:$J, P_violacea_Spain_Med!$B:$B, ">="&DATE(2005,1,1), P_violacea_Spain_Med!$B:$B, "<"&DATE(2006,1,1), P_violacea_Spain_Med!$F:$F, "Granada") -> 0 | M3: =SUMIFS(P_violacea_Spain_Med!$J:$J, P_violacea_Spain_Med!$B:$B, ">="&DATE(2005,1,1), P_violacea_Spain_Med!$B:$B, "<"&DATE(2006,1,1), P_violacea_Spain_Med!$F:$F, "Málaga") -> 0 | N3: =SUMIFS(P_violacea_Spain_Med!$J:$J, P_violacea_Spain_Med!$B:$B, ">="&DATE(2005,1,1), P_violacea_Spain_Med!$B:$B, "<"&DATE(2006,1,1), P_violacea_Spain_Med!$F:$F, "Cádiz") -> 0 | O3: =SUM(K3:N3) -> 0 | P3: =SUMIFS(P_violacea_Spain_Med!$J:$J, P_violacea_Spain_Med!$B:$B, ">="&DATE(2005,1,1), P_violacea_Spain_Med!$B:$B, "<"&DATE(2006,1,1), P_violacea_Spain_Med!$F:$F, "Islas Baleares") -> 0 | Q3: =SUMIFS(P_violacea_Spain_Med!$J:$J, P_violacea_Spain_Med!$B:$B, ">="&DATE(2005,1,1), P_violacea_Spain_Med!$B:$B, "<"&DATE(2006,1,1), P_violacea_Spain_Med!$F:$F, "Ceuta") -> 0 | R3: =SUMIFS(P_violacea_Spain_Med!$J:$J, P_violacea_Spain_Med!$B:$B, ">="&DATE(2005,1,1), P_violacea_Spain_Med!$B:$B, "<"&DATE(2006,1,1), P_violacea_Spain_Med!$F:$F, "Melilla") -> 0 | S3: =SUMIFS(P_violacea_Spain_Med!$J:$J, P_violacea_Spain_Med!$B:$B, ">="&DATE(1987,1,1), P_violacea_Spain_Med!$B:$B, "<"&DATE(1988,1,1), P_violacea_Spain_Med!$F:$F, "nd") -> 0 | T3: =SUM(E3+I3+J3+O3+P3+Q3+R3+S3) -> 1
A4: 2006 | B4: =SUMIFS(P_violacea_Spain_Med!$J:$J, P_violacea_Spain_Med!$B:$B, ">="&DATE(2006,1,1), P_violacea_Spain_Med!$B:$B, "<"&DATE(2007,1,1), P_violacea_Spain_Med!$F:$F, "Girona") -> 0 | C4: =SUMIFS(P_violacea_Spain_Med!$J:$J, P_violacea_Spain_Med!$B:$B, ">="&DATE(2006,1,1), P_violacea_Spain_Med!$B:$B, "<"&DATE(2007,1,1), P_violacea_Spain_Med!$F:$F, "Barcelona") -> 1 | D4: =SUMIFS(P_violacea_Spain_Med!$J:$J, P_violacea_Spain_Med!$B:$B, ">="&DATE(2006,1,1), P_violacea_Spain_Med!$B:$B, "<"&DATE(2007,1,1), P_violacea_Spain_Med!$F:$F, "Tarragona") -> 0 | E4: =SUM(B4:D4) -> 1 | F4: =SUMIFS(P_violacea_Spain_Med!$J:$J, P_violacea_Spain_Med!$B:$B, ">="&DATE(2006,1,1), P_violacea_Spain_Med!$B:$B, "<"&DATE(2007,1,1), P_violacea_Spain_Med!$F:$F, "Castellón") -> 0 | G4: =SUMIFS(P_violacea_Spain_Med!$J:$J, P_violacea_Spain_Med!$B:$B, ">="&DATE(2006,1,1), P_violacea_Spain_Med!$B:$B, "<"&DATE(2007,1,1), P_violacea_Spain_Med!$F:$F, "Valencia") -> 0 | H4: =SUMIFS(P_violacea_Spain_Med!$J:$J, P_violacea_Spain_Med!$B:$B, ">="&DATE(2006,1,1), P_violacea_Spain_Med!$B:$B, "<"&DATE(2007,1,1), P_violacea_Spain_Med!$F:$F, "Alicante") -> 0 | I4: =SUM(F4:H4) -> 0 | J4: =SUMIFS(P_violacea_Spain_Med!$J:$J, P_violacea_Spain_Med!$B:$B, ">="&DATE(2006,1,1), P_violacea_Spain_Med!$B:$B, "<"&DATE(2007,1,1), P_violacea_Spain_Med!$F:$F, "Región de Murcia") -> 0 | K4: =SUMIFS(P_violacea_Spain_Med!$J:$J, P_violacea_Spain_Med!$B:$B, ">="&DATE(2006,1,1), P_violacea_Spain_Med!$B:$B, "<"&DATE(2007,1,1), P_violacea_Spain_Med!$F:$F, "Almería") -> 0 | L4: =SUMIFS(P_violacea_Spain_Med!$J:$J, P_violacea_Spain_Med!$B:$B, ">="&DATE(2006,1,1), P_violacea_Spain_Med!$B:$B, "<"&DATE(2007,1,1), P_violacea_Spain_Med!$F:$F, "Granada") -> 0 | M4: =SUMIFS(P_violacea_Spain_Med!$J:$J, P_violacea_Spain_Med!$B:$B, ">="&DATE(2006,1,1), P_violacea_Spain_Med!$B:$B, "<"&DATE(2007,1,1), P_violacea_Spain_Med!$F:$F, "Málaga") -> 0 | N4: =SUMIFS(P_violacea_Spain_Med!$J:$J, P_violacea_Spain_Med!$B:$B, ">="&DATE(2006,1,1), P_violacea_Spain_Med!$B:$B, "<"&DATE(2007,1,1), P_violacea_Spain_Med!$F:$F, "Cádiz") -> 0 | O4: =SUM(K4:N4) -> 0 | P4: =SUMIFS(P_violacea_Spain_Med!$J:$J, P_violacea_Spain_Med!$B:$B, ">="&DATE(2006,1,1), P_violacea_Spain_Med!$B:$B, "<"&DATE(2007,1,1), P_violacea_Spain_Med!$F:$F, "Islas Baleares") -> 0 | Q4: =SUMIFS(P_violacea_Spain_Med!$J:$J, P_violacea_Spain_Med!$B:$B, ">="&DATE(2006,1,1), P_violacea_Spain_Med!$B:$B, "<"&DATE(2007,1,1), P_violacea_Spain_Med!$F:$F, "Ceuta") -> 0 | R4: =SUMIFS(P_violacea_Spain_Med!$J:$J, P_violacea_Spain_Med!$B:$B, ">="&DATE(2006,1,1), P_violacea_Spain_Med!$B:$B, "<"&DATE(2007,1,1), P_violacea_Spain_Med!$F:$F, "Melilla") -> 0 | S4: =SUMIFS(P_violacea_Spain_Med!$J:$J, P_violacea_Spain_Med!$B:$B, ">="&DATE(2006,1,1), P_violacea_Spain_Med!$B:$B, "<"&DATE(2007,1,1), P_violacea_Spain_Med!$F:$F, "nd") -> 0 | T4: =SUM(E4+I4+J4+O4+P4+Q4+R4+S4) -> 1
A5: 2007 | B5: =SUMIFS(P_violacea_Spain_Med!$J:$J, P_violacea_Spain_Med!$B:$B, ">="&DATE(2007,1,1), P_violacea_Spain_Med!$B:$B, "<"&DATE(2008,1,1), P_violacea_Spain_Med!$F:$F, "Girona") -> 0 | C5: =SUMIFS(P_violacea_Spain_Med!$J:$J, P_violacea_Spain_Med!$B:$B, ">="&DATE(2007,1,1), P_violacea_Spain_Med!$B:$B, "<"&DATE(2008,1,1), P_violacea_Spain_Med!$F:$F, "Barcelona") -> 2 | D5: =SUMIFS(P_violacea_Spain_Med!$J:$J, P_violacea_Spain_Med!$B:$B, ">="&DATE(2007,1,1), P_violacea_Spain_Med!$B:$B, "<"&DATE(2008,1,1), P_violacea_Spain_Med!$F:$F, "Tarragona") -> 2 | E5: =SUM(B5:D5) -> 4 | F5: =SUMIFS(P_violacea_Spain_Med!$J:$J, P_violacea_Spain_Med!$B:$B, ">="&DATE(2007,1,1), P_violacea_Spain_Med!$B:$B, "<"&DATE(2008,1,1), P_violacea_Spain_Med!$F:$F, "Castellón") -> 0 | G5: =SUMIFS(P_violacea_Spain_Med!$J:$J, P_violacea_Spain_Med!$B:$B, ">="&DATE(2007,1,1), P_violacea_Spain_Med!$B:$B, "<"&DATE(2008,1,1), P_violacea_Spain_Med!$F:$F, "Valencia") -> 0 | H5: =SUMIFS(P_violacea_Spain_Med!$J:$J, P_violacea_Spain_Med!$B:$B, ">="&DATE(2007,1,1), P_violacea_Spain_Med!$B:$B, "<"&DATE(2008,1,1), P_violacea_Spain_Med!$F:$F, "Alicante") -> 0 | I5: =SUM(F5:H5) -> 0 | J5: =SUMIFS(P_violacea_Spain_Med!$J:$J, P_violacea_Spain_Med!$B:$B, ">="&DATE(2007,1,1), P_violacea_Spain_Med!$B:$B, "<"&DATE(2008,1,1), P_violacea_Spain_Med!$F:$F, "Región de Murcia") -> 0 | K5: =SUMIFS(P_violacea_Spain_Med!$J:$J, P_violacea_Spain_Med!$B:$B, ">="&DATE(2007,1,1), P_violacea_Spain_Med!$B:$B, "<"&DATE(2008,1,1), P_violacea_Spain_Med!$F:$F, "Almería") -> 0 | L5: =SUMIFS(P_violacea_Spain_Med!$J:$J, P_violacea_Spain_Med!$B:$B, ">="&DATE(2007,1,1), P_violacea_Spain_Med!$B:$B, "<"&DATE(2008,1,1), P_violacea_Spain_Med!$F:$F, "Granada") -> 0 | M5: =SUMIFS(P_violacea_Spain_Med!$J:$J, P_violacea_Spain_Med!$B:$B, ">="&DATE(2007,1,1), P_violacea_Spain_Med!$B:$B, "<"&DATE(2008,1,1), P_violacea_Spain_Med!$F:$F, "Málaga") -> 0 | N5: =SUMIFS(P_violacea_Spain_Med!$J:$J, P_violacea_Spain_Med!$B:$B, ">="&DATE(2007,1,1), P_violacea_Spain_Med!$B:$B, "<"&DATE(2008,1,1), P_violacea_Spain_Med!$F:$F, "Cádiz") -> 0 | O5: =SUM(K5:N5) -> 0 | P5: =SUMIFS(P_violacea_Spain_Med!$J:$J, P_violacea_Spain_Med!$B:$B, ">="&DATE(2007,1,1), P_violacea_Spain_Med!$B:$B, "<"&DATE(2008,1,1), P_violacea_Spain_Med!$F:$F, "Islas Baleares") -> 0 | Q5: =SUMIFS(P_violacea_Spain_Med!$J:$J, P_violacea_Spain_Med!$B:$B, ">="&DATE(2007,1,1), P_violacea_Spain_Med!$B:$B, "<"&DATE(2008,1,1), P_violacea_Spain_Med!$F:$F, "Ceuta") -> 0 | R5: =SUMIFS(P_violacea_Spain_Med!$J:$J, P_violacea_Spain_Med!$B:$B, ">="&DATE(2007,1,1), P_violacea_Spain_Med!$B:$B, "<"&DATE(2008,1,1), P_violacea_Spain_Med!$F:$F, "Melilla") -> 0 | S5: =SUMIFS(P_violacea_Spain_Med!$J:$J, P_violacea_Spain_Med!$B:$B, ">="&DATE(2007,1,1), P_violacea_Spain_Med!$B:$B, "<"&DATE(2008,1,1), P_violacea_Spain_Med!$F:$F, "nd") -> 0 | T5: =SUM(E5+I5+J5+O5+P5+Q5+R5+S5) -> 4
A6: 2008 | B6: =SUMIFS(P_violacea_Spain_Med!$J:$J, P_violacea_Spain_Med!$B:$B, ">="&DATE(2008,1,1), P_violacea_Spain_Med!$B:$B, "<"&DATE(2009,1,1), P_violacea_Spain_Med!$F:$F, "Girona") -> 0 | C6: =SUMIFS(P_violacea_Spain_Med!$J:$J, P_violacea_Spain_Med!$B:$B, ">="&DATE(2008,1,1), P_violacea_Spain_Med!$B:$B, "<"&DATE(2009,1,1), P_violacea_Spain_Med!$F:$F, "Barcelona") -> 0 | D6: =SUMIFS(P_violacea_Spain_Med!$J:$J, P_violacea_Spain_Med!$B:$B, ">="&DATE(2008,1,1), P_violacea_Spain_Med!$B:$B, "<"&DATE(2009,1,1), P_violacea_Spain_Med!$F:$F, "Tarragona") -> 0 | E6: =SUM(B6:D6) -> 0 | F6: =SUMIFS(P_violacea_Spain_Med!$J:$J, P_violacea_Spain_Med!$B:$B, ">="&DATE(2008,1,1), P_violacea_Spain_Med!$B:$B, "<"&DATE(2009,1,1), P_violacea_Spain_Med!$F:$F, "Castellón") -> 0 | G6: =SUMIFS(P_violacea_Spain_Med!$J:$J, P_violacea_Spain_Med!$B:$B, ">="&DATE(2008,1,1), P_violacea_Spain_Med!$B:$B, "<"&DATE(2009,1,1), P_violacea_Spain_Med!$F:$F, "Valencia") -> 0 | H6: =SUMIFS(P_violacea_Spain_Med!$J:$J, P_violacea_Spain_Med!$B:$B, ">="&DATE(2008,1,1), P_violacea_Spain_Med!$B:$B, "<"&DATE(2009,1,1), P_violacea_Spain_Med!$F:$F, "Alicante") -> 0 | I6: =SUM(F6:H6) -> 0 | J6: =SUMIFS(P_violacea_Spain_Med!$J:$J, P_violacea_Spain_Med!$B:$B, ">="&DATE(2008,1,1), P_violacea_Spain_Med!$B:$B, "<"&DATE(2009,1,1), P_violacea_Spain_Med!$F:$F, "Región de Murcia") -> 0 | K6: =SUMIFS(P_violacea_Spain_Med!$J:$J, P_violacea_Spain_Med!$B:$B, ">="&DATE(2008,1,1), P_violacea_Spain_Med!$B:$B, "<"&DATE(2009,1,1), P_violacea_Spain_Med!$F:$F, "Almería") -> 0 | L6: =SUMIFS(P_violacea_Spain_Med!$J:$J, P_violacea_Spain_Med!$B:$B, ">="&DATE(2008,1,1), P_violacea_Spain_Med!$B:$B, "<"&DATE(2009,1,1), P_violacea_Spain_Med!$F:$F, "Granada") -> 0 | M6: =SUMIFS(P_violacea_Spain_Med!$J:$J, P_violacea_Spain_Med!$B:$B, ">="&DATE(2008,1,1), P_violacea_Spain_Med!$B:$B, "<"&DATE(2009,1,1), P_violacea_Spain_Med!$F:$F, "Málaga") -> 0 | N6: =SUMIFS(P_violacea_Spain_Med!$J:$J, P_violacea_Spain_Med!$B:$B, ">="&DATE(2008,1,1), P_violacea_Spain_Med!$B:$B, "<"&DATE(2009,1,1), P_violacea_Spain_Med!$F:$F, "Cádiz") -> 0 | O6: =SUM(K6:N6) -> 0 | P6: =SUMIFS(P_violacea_Spain_Med!$J:$J, P_violacea_Spain_Med!$B:$B, ">="&DATE(2008,1,1), P_violacea_Spain_Med!$B:$B, "<"&DATE(2009,1,1), P_violacea_Spain_Med!$F:$F, "Islas Baleares") -> 0 | Q6: =SUMIFS(P_violacea_Spain_Med!$J:$J, P_violacea_Spain_Med!$B:$B, ">="&DATE(2008,1,1), P_violacea_Spain_Med!$B:$B, "<"&DATE(2009,1,1), P_violacea_Spain_Med!$F:$F, "Ceuta") -> 0 | R6: =SUMIFS(P_violacea_Spain_Med!$J:$J, P_violacea_Spain_Med!$B:$B, ">="&DATE(2008,1,1), P_violacea_Spain_Med!$B:$B, "<"&DATE(2009,1,1), P_violacea_Spain_Med!$F:$F, "Melilla") -> 0 | S6: =SUMIFS(P_violacea_Spain_Med!$J:$J, P_violacea_Spain_Med!$B:$B, ">="&DATE(2008,1,1), P_violacea_Spain_Med!$B:$B, "<"&DATE(2009,1,1), P_violacea_Spain_Med!$F:$F, "nd") -> 0 | T6: =SUM(E6+I6+J6+O6+P6+Q6+R6+S6) -> 0
A7: 2009 | B7: =SUMIFS(P_violacea_Spain_Med!$J:$J, P_violacea_Spain_Med!$B:$B, ">="&DATE(2009,1,1), P_violacea_Spain_Med!$B:$B, "<"&DATE(2010,1,1), P_violacea_Spain_Med!$F:$F, "Girona") -> 0 | C7: =SUMIFS(P_violacea_Spain_Med!$J:$J, P_violacea_Spain_Med!$B:$B, ">="&DATE(2009,1,1), P_violacea_Spain_Med!$B:$B, "<"&DATE(2010,1,1), P_violacea_Spain_Med!$F:$F, "Barcelona") -> 0 | D7: =SUMIFS(P_violacea_Spain_Med!$J:$J, P_violacea_Spain_Med!$B:$B, ">="&DATE(2009,1,1), P_violacea_Spain_Med!$B:$B, "<"&DATE(2010,1,1), P_violacea_Spain_Med!$F:$F, "Tarragona") -> 0 | E7: =SUM(B7:D7) -> 0 | F7: =SUMIFS(P_violacea_Spain_Med!$J:$J, P_violacea_Spain_Med!$B:$B, ">="&DATE(2009,1,1), P_violacea_Spain_Med!$B:$B, "<"&DATE(2010,1,1), P_violacea_Spain_Med!$F:$F, "Castellón") -> 0 | G7: =SUMIFS(P_violacea_Spain_Med!$J:$J, P_violacea_Spain_Med!$B:$B, ">="&DATE(2009,1,1), P_violacea_Spain_Med!$B:$B, "<"&DATE(2010,1,1), P_violacea_Spain_Med!$F:$F, "Valencia") -> 0 | H7: =SUMIFS(P_violacea_Spain_Med!$J:$J, P_violacea_Spain_Med!$B:$B, ">="&DATE(2009,1,1), P_violacea_Spain_Med!$B:$B, "<"&DATE(2010,1,1), P_violacea_Spain_Med!$F:$F, "Alicante") -> 0 | I7: =SUM(F7:H7) -> 0 | J7: =SUMIFS(P_violacea_Spain_Med!$J:$J, P_violacea_Spain_Med!$B:$B, ">="&DATE(2009,1,1), P_violacea_Spain_Med!$B:$B, "<"&DATE(2010,1,1), P_violacea_Spain_Med!$F:$F, "Región de Murcia") -> 0 | K7: =SUMIFS(P_violacea_Spain_Med!$J:$J, P_violacea_Spain_Med!$B:$B, ">="&DATE(2009,1,1), P_violacea_Spain_Med!$B:$B, "<"&DATE(2010,1,1), P_violacea_Spain_Med!$F:$F, "Almería") -> 0 | L7: =SUMIFS(P_violacea_Spain_Med!$J:$J, P_violacea_Spain_Med!$B:$B, ">="&DATE(2009,1,1), P_violacea_Spain_Med!$B:$B, "<"&DATE(2010,1,1), P_violacea_Spain_Med!$F:$F, "Granada") -> 0 | M7: =SUMIFS(P_violacea_Spain_Med!$J:$J, P_violacea_Spain_Med!$B:$B, ">="&DATE(2009,1,1), P_violacea_Spain_Med!$B:$B, "<"&DATE(2010,1,1), P_violacea_Spain_Med!$F:$F, "Málaga") -> 0 | N7: =SUMIFS(P_violacea_Spain_Med!$J:$J, P_violacea_Spain_Med!$B:$B, ">="&DATE(2009,1,1), P_violacea_Spain_Med!$B:$B, "<"&DATE(2010,1,1), P_violacea_Spain_Med!$F:$F, "Cádiz") -> 0 | O7: =SUM(K7:N7) -> 0 | P7: =SUMIFS(P_violacea_Spain_Med!$J:$J, P_violacea_Spain_Med!$B:$B, ">="&DATE(2009,1,1), P_violacea_Spain_Med!$B:$B, "<"&DATE(2010,1,1), P_violacea_Spain_Med!$F:$F, "Islas Baleares") -> 0 | Q7: =SUMIFS(P_violacea_Spain_Med!$J:$J, P_violacea_Spain_Med!$B:$B, ">="&DATE(2009,1,1), P_violacea_Spain_Med!$B:$B, "<"&DATE(2010,1,1), P_violacea_Spain_Med!$F:$F, "Ceuta") -> 0 | R7: =SUMIFS(P_violacea_Spain_Med!$J:$J, P_violacea_Spain_Med!$B:$B, ">="&DATE(2009,1,1), P_violacea_Spain_Med!$B:$B, "<"&DATE(2010,1,1), P_violacea_Spain_Med!$F:$F, "Melilla") -> 0 | S7: =SUMIFS(P_violacea_Spain_Med!$J:$J, P_violacea_Spain_Med!$B:$B, ">="&DATE(2009,1,1), P_violacea_Spain_Med!$B:$B, "<"&DATE(2010,1,1), P_violacea_Spain_Med!$F:$F, "nd") -> 0 | T7: =SUM(E7+I7+J7+O7+P7+Q7+R7+S7) -> 0
A8: 2010 | B8: =SUMIFS(P_violacea_Spain_Med!$J:$J, P_violacea_Spain_Med!$B:$B, ">="&DATE(2010,1,1), P_violacea_Spain_Med!$B:$B, "<"&DATE(2011,1,1), P_violacea_Spain_Med!$F:$F, "Girona") -> 0 | C8: =SUMIFS(P_violacea_Spain_Med!$J:$J, P_violacea_Spain_Med!$B:$B, ">="&DATE(2010,1,1), P_violacea_Spain_Med!$B:$B, "<"&DATE(2011,1,1), P_violacea_Spain_Med!$F:$F, "Barcelona") -> 0 | D8: =SUMIFS(P_violacea_Spain_Med!$J:$J, P_violacea_Spain_Med!$B:$B, ">="&DATE(2010,1,1), P_violacea_Spain_Med!$B:$B, "<"&DATE(2011,1,1), P_violacea_Spain_Med!$F:$F, "Tarragona") -> 0 | E8: =SUM(B8:D8) -> 0 | F8: =SUMIFS(P_violacea_Spain_Med!$J:$J, P_violacea_Spain_Med!$B:$B, ">="&DATE(2010,1,1), P_violacea_Spain_Med!$B:$B, "<"&DATE(2011,1,1), P_violacea_Spain_Med!$F:$F, "Castellón") -> 0 | G8: =SUMIFS(P_violacea_Spain_Med!$J:$J, P_violacea_Spain_Med!$B:$B, ">="&DATE(2010,1,1), P_violacea_Spain_Med!$B:$B, "<"&DATE(2011,1,1), P_violacea_Spain_Med!$F:$F, "Valencia") -> 0 | H8: =SUMIFS(P_violacea_Spain_Med!$J:$J, P_violacea_Spain_Med!$B:$B, ">="&DATE(2010,1,1), P_violacea_Spain_Med!$B:$B, "<"&DATE(2011,1,1), P_violacea_Spain_Med!$F:$F, "Alicante") -> 0 | I8: =SUM(F8:H8) -> 0 | J8: =SUMIFS(P_violacea_Spain_Med!$J:$J, P_violacea_Spain_Med!$B:$B, ">="&DATE(2010,1,1), P_violacea_Spain_Med!$B:$B, "<"&DATE(2011,1,1), P_violacea_Spain_Med!$F:$F, "Región de Murcia") -> 0 | K8: =SUMIFS(P_violacea_Spain_Med!$J:$J, P_violacea_Spain_Med!$B:$B, ">="&DATE(2010,1,1), P_violacea_Spain_Med!$B:$B, "<"&DATE(2011,1,1), P_violacea_Spain_Med!$F:$F, "Almería") -> 0 | L8: =SUMIFS(P_violacea_Spain_Med!$J:$J, P_violacea_Spain_Med!$B:$B, ">="&DATE(2010,1,1), P_violacea_Spain_Med!$B:$B, "<"&DATE(2011,1,1), P_violacea_Spain_Med!$F:$F, "Granada") -> 0 | M8: =SUMIFS(P_violacea_Spain_Med!$J:$J, P_violacea_Spain_Med!$B:$B, ">="&DATE(2010,1,1), P_violacea_Spain_Med!$B:$B, "<"&DATE(2011,1,1), P_violacea_Spain_Med!$F:$F, "Málaga") -> 0 | N8: =SUMIFS(P_violacea_Spain_Med!$J:$J, P_violacea_Spain_Med!$B:$B, ">="&DATE(2010,1,1), P_violacea_Spain_Med!$B:$B, "<"&DATE(2011,1,1), P_violacea_Spain_Med!$F:$F, "Cádiz") -> 0 | O8: =SUM(K8:N8) -> 0 | P8: =SUMIFS(P_violacea_Spain_Med!$J:$J, P_violacea_Spain_Med!$B:$B, ">="&DATE(2010,1,1), P_violacea_Spain_Med!$B:$B, "<"&DATE(2011,1,1), P_violacea_Spain_Med!$F:$F, "Islas Baleares") -> 0 | Q8: =SUMIFS(P_violacea_Spain_Med!$J:$J, P_violacea_Spain_Med!$B:$B, ">="&DATE(2010,1,1), P_violacea_Spain_Med!$B:$B, "<"&DATE(2011,1,1), P_violacea_Spain_Med!$F:$F, "Ceuta") -> 0 | R8: =SUMIFS(P_violacea_Spain_Med!$J:$J, P_violacea_Spain_Med!$B:$B, ">="&DATE(2010,1,1), P_violacea_Spain_Med!$B:$B, "<"&DATE(2011,1,1), P_violacea_Spain_Med!$F:$F, "Melilla") -> 0 | S8: =SUMIFS(P_violacea_Spain_Med!$J:$J, P_violacea_Spain_Med!$B:$B, ">="&DATE(2010,1,1), P_violacea_Spain_Med!$B:$B, "<"&DATE(2011,1,1), P_violacea_Spain_Med!$F:$F, "nd") -> 0 | T8: =SUM(E8+I8+J8+O8+P8+Q8+R8+S8) -> 0
A9: 2011 | B9: =SUMIFS(P_violacea_Spain_Med!$J:$J, P_violacea_Spain_Med!$B:$B, ">="&DATE(2011,1,1), P_violacea_Spain_Med!$B:$B, "<"&DATE(2012,1,1), P_violacea_Spain_Med!$F:$F, "Girona") -> 0 | C9: =SUMIFS(P_violacea_Spain_Med!$J:$J, P_violacea_Spain_Med!$B:$B, ">="&DATE(2011,1,1), P_violacea_Spain_Med!$B:$B, "<"&DATE(2012,1,1), P_violacea_Spain_Med!$F:$F, "Barcelona") -> 0 | D9: =SUMIFS(P_violacea_Spain_Med!$J:$J, P_violacea_Spain_Med!$B:$B, ">="&DATE(2011,1,1), P_violacea_Spain_Med!$B:$B, "<"&DATE(2012,1,1), P_violacea_Spain_Med!$F:$F, "Tarragona") -> 0 | E9: =SUM(B9:D9) -> 0 | F9: =SUMIFS(P_violacea_Spain_Med!$J:$J, P_violacea_Spain_Med!$B:$B, ">="&DATE(2011,1,1), P_violacea_Spain_Med!$B:$B, "<"&DATE(2012,1,1), P_violacea_Spain_Med!$F:$F, "Castellón") -> 0 | G9: =SUMIFS(P_violacea_Spain_Med!$J:$J, P_violacea_Spain_Med!$B:$B, ">="&DATE(2011,1,1), P_violacea_Spain_Med!$B:$B, "<"&DATE(2012,1,1), P_violacea_Spain_Med!$F:$F, "Valencia") -> 0 | H9: =SUMIFS(P_violacea_Spain_Med!$J:$J, P_violacea_Spain_Med!$B:$B, ">="&DATE(2011,1,1), P_violacea_Spain_Med!$B:$B, "<"&DATE(2012,1,1), P_violacea_Spain_Med!$F:$F, "Alicante") -> 0 | I9: =SUM(F9:H9) -> 0 | J9: =SUMIFS(P_violacea_Spain_Med!$J:$J, P_violacea_Spain_Med!$B:$B, ">="&DATE(2011,1,1), P_violacea_Spain_Med!$B:$B, "<"&DATE(2012,1,1), P_violacea_Spain_Med!$F:$F, "Región de Murcia") -> 0 | K9: =SUMIFS(P_violacea_Spain_Med!$J:$J, P_violacea_Spain_Med!$B:$B, ">="&DATE(2011,1,1), P_violacea_Spain_Med!$B:$B, "<"&DATE(2012,1,1), P_violacea_Spain_Med!$F:$F, "Almería") -> 3 | L9: =SUMIFS(P_violacea_Spain_Med!$J:$J, P_violacea_Spain_Med!$B:$B, ">="&DATE(2011,1,1), P_violacea_Spain_Med!$B:$B, "<"&DATE(2012,1,1), P_violacea_Spain_Med!$F:$F, "Granada") -> 0 | M9: =SUMIFS(P_violacea_Spain_Med!$J:$J, P_violacea_Spain_Med!$B:$B, ">="&DATE(2011,1,1), P_violacea_Spain_Med!$B:$B, "<"&DATE(2012,1,1), P_violacea_Spain_Med!$F:$F, "Málaga") -> 1 | N9: =SUMIFS(P_violacea_Spain_Med!$J:$J, P_violacea_Spain_Med!$B:$B, ">="&DATE(2011,1,1), P_violacea_Spain_Med!$B:$B, "<"&DATE(2012,1,1), P_violacea_Spain_Med!$F:$F, "Cádiz") -> 0 | O9: =SUM(K9:N9) -> 4 | P9: =SUMIFS(P_violacea_Spain_Med!$J:$J, P_violacea_Spain_Med!$B:$B, ">="&DATE(2011,1,1), P_violacea_Spain_Med!$B:$B, "<"&DATE(2012,1,1), P_violacea_Spain_Med!$F:$F, "Islas Baleares") -> 0 | Q9: =SUMIFS(P_violacea_Spain_Med!$J:$J, P_violacea_Spain_Med!$B:$B, ">="&DATE(2011,1,1), P_violacea_Spain_Med!$B:$B, "<"&DATE(2012,1,1), P_violacea_Spain_Med!$F:$F, "Ceuta") -> 0 | R9: =SUMIFS(P_violacea_Spain_Med!$J:$J, P_violacea_Spain_Med!$B:$B, ">="&DATE(2011,1,1), P_violacea_Spain_Med!$B:$B, "<"&DATE(2012,1,1), P_violacea_Spain_Med!$F:$F, "Melilla") -> 0 | S9: =SUMIFS(P_violacea_Spain_Med!$J:$J, P_violacea_Spain_Med!$B:$B, ">="&DATE(2011,1,1), P_violacea_Spain_Med!$B:$B, "<"&DATE(2012,1,1), P_violacea_Spain_Med!$F:$F, "nd") -> 0 | T9: =SUM(E9+I9+J9+O9+P9+Q9+R9+S9) -> 4
A10: 2012 | B10: =SUMIFS(P_violacea_Spain_Med!$J:$J, P_violacea_Spain_Med!$B:$B, ">="&DATE(2012,1,1), P_violacea_Spain_Med!$B:$B, "<"&DATE(2013,1,1), P_violacea_Spain_Med!$F:$F, "Girona") -> 0 | C10: =SUMIFS(P_violacea_Spain_Med!$J:$J, P_violacea_Spain_Med!$B:$B, ">="&DATE(2012,1,1), P_violacea_Spain_Med!$B:$B, "<"&DATE(2013,1,1), P_violacea_Spain_Med!$F:$F, "Barcelona") -> 1 | D10: =SUMIFS(P_violacea_Spain_Med!$J:$J, P_violacea_Spain_Med!$B:$B, ">="&DATE(2012,1,1), P_violacea_Spain_Med!$B:$B, "<"&DATE(2013,1,1), P_violacea_Spain_Med!$F:$F, "Tarragona") -> 0 | E10: =SUM(B10:D10) -> 1 | F10: =SUMIFS(P_violacea_Spain_Med!$J:$J, P_violacea_Spain_Med!$B:$B, ">="&DATE(2012,1,1), P_violacea_Spain_Med!$B:$B, "<"&DATE(2013,1,1), P_violacea_Spain_Med!$F:$F, "Castellón") -> 0 | G10: =SUMIFS(P_violacea_Spain_Med!$J:$J, P_violacea_Spain_Med!$B:$B, ">="&DATE(2012,1,1), P_violacea_Spain_Med!$B:$B, "<"&DATE(2013,1,1), P_violacea_Spain_Med!$F:$F, "Valencia") -> 0 | H10: =SUMIFS(P_violacea_Spain_Med!$J:$J, P_violacea_Spain_Med!$B:$B, ">="&DATE(2012,1,1), P_violacea_Spain_Med!$B:$B, "<"&DATE(2013,1,1), P_violacea_Spain_Med!$F:$F, "Alicante") -> 1 | I10: =SUM(F10:H10) -> 1 | J10: =SUMIFS(P_violacea_Spain_Med!$J:$J, P_violacea_Spain_Med!$B:$B, ">="&DATE(2012,1,1), P_violacea_Spain_Med!$B:$B, "<"&DATE(2013,1,1), P_violacea_Spain_Med!$F:$F, "Región de Murcia") -> 0 | K10: =SUMIFS(P_violacea_Spain_Med!$J:$J, P_violacea_Spain_Med!$B:$B, ">="&DATE(2012,1,1), P_violacea_Spain_Med!$B:$B, "<"&DATE(2013,1,1), P_violacea_Spain_Med!$F:$F, "Almería") -> 0 | L10: =SUMIFS(P_violacea_Spain_Med!$J:$J, P_violacea_Spain_Med!$B:$B, ">="&DATE(2012,1,1), P_violacea_Spain_Med!$B:$B, "<"&DATE(2013,1,1), P_violacea_Spain_Med!$F:$F, "Granada") -> 0 | M10: =SUMIFS(P_violacea_Spain_Med!$J:$J, P_violacea_Spain_Med!$B:$B, ">="&DATE(2012,1,1), P_violacea_Spain_Med!$B:$B, "<"&DATE(2013,1,1), P_violacea_Spain_Med!$F:$F, "Málaga") -> 0 | N10: =SUMIFS(P_violacea_Spain_Med!$J:$J, P_violacea_Spain_Med!$B:$B, ">="&DATE(2012,1,1), P_violacea_Spain_Med!$B:$B, "<"&DATE(2013,1,1), P_violacea_Spain_Med!$F:$F, "Cádiz") -> 0 | O10: =SUM(K10:N10) -> 0 | P10: =SUMIFS(P_violacea_Spain_Med!$J:$J, P_violacea_Spain_Med!$B:$B, ">="&DATE(2012,1,1), P_violacea_Spain_Med!$B:$B, "<"&DATE(2013,1,1), P_violacea_Spain_Med!$F:$F, "Islas Baleares") -> 0 | Q10: =SUMIFS(P_violacea_Spain_Med!$J:$J, P_violacea_Spain_Med!$B:$B, ">="&DATE(2012,1,1), P_violacea_Spain_Med!$B:$B, "<"&DATE(2013,1,1), P_violacea_Spain_Med!$F:$F, "Ceuta") -> 0 | R10: =SUMIFS(P_violacea_Spain_Med!$J:$J, P_violacea_Spain_Med!$B:$B, ">="&DATE(2012,1,1), P_violacea_Spain_Med!$B:$B, "<"&DATE(2013,1,1), P_violacea_Spain_Med!$F:$F, "Melilla") -> 0 | S10: =SUMIFS(P_violacea_Spain_Med!$J:$J, P_violacea_Spain_Med!$B:$B, ">="&DATE(2012,1,1), P_violacea_Spain_Med!$B:$B, "<"&DATE(2013,1,1), P_violacea_Spain_Med!$F:$F, "nd") -> 0 | T10: =SUM(E10+I10+J10+O10+P10+Q10+R10+S10) -> 2
A11: 2013 | B11: =SUMIFS(P_violacea_Spain_Med!$J:$J, P_violacea_Spain_Med!$B:$B, ">="&DATE(2013,1,1), P_violacea_Spain_Med!$B:$B, "<"&DATE(2014,1,1), P_violacea_Spain_Med!$F:$F, "Girona") -> 0 | C11: =SUMIFS(P_violacea_Spain_Med!$J:$J, P_violacea_Spain_Med!$B:$B, ">="&DATE(2013,1,1), P_violacea_Spain_Med!$B:$B, "<"&DATE(2014,1,1), P_violacea_Spain_Med!$F:$F, "Barcelona") -> 1 | D11: =SUMIFS(P_violacea_Spain_Med!$J:$J, P_violacea_Spain_Med!$B:$B, ">="&DATE(2013,1,1), P_violacea_Spain_Med!$B:$B, "<"&DATE(2014,1,1), P_violacea_Spain_Med!$F:$F, "Tarragona") -> 0 | E11: =SUM(B11:D11) -> 1 | F11: =SUMIFS(P_violacea_Spain_Med!$J:$J, P_violacea_Spain_Med!$B:$B, ">="&DATE(2013,1,1), P_violacea_Spain_Med!$B:$B, "<"&DATE(2014,1,1), P_violacea_Spain_Med!$F:$F, "Castellón") -> 1 | G11: =SUMIFS(P_violacea_Spain_Med!$J:$J, P_violacea_Spain_Med!$B:$B, ">="&DATE(2013,1,1), P_violacea_Spain_Med!$B:$B, "<"&DATE(2014,1,1), P_violacea_Spain_Med!$F:$F, "Valencia") -> 5 | H11: =SUMIFS(P_violacea_Spain_Med!$J:$J, P_violacea_Spain_Med!$B:$B, ">="&DATE(2013,1,1), P_violacea_Spain_Med!$B:$B, "<"&DATE(2014,1,1), P_violacea_Spain_Med!$F:$F, "Alicante") -> 1 | I11: =SUM(F11:H11) -> 7 | J11: =SUMIFS(P_violacea_Spain_Med!$J:$J, P_violacea_Spain_Med!$B:$B, ">="&DATE(2013,1,1), P_violacea_Spain_Med!$B:$B, "<"&DATE(2014,1,1), P_violacea_Spain_Med!$F:$F, "Región de Murcia") -> 0 | K11: =SUMIFS(P_violacea_Spain_Med!$J:$J, P_violacea_Spain_Med!$B:$B, ">="&DATE(2013,1,1), P_violacea_Spain_Med!$B:$B, "<"&DATE(2014,1,1), P_violacea_Spain_Med!$F:$F, "Almería") -> 0 | L11: =SUMIFS(P_violacea_Spain_Med!$J:$J, P_violacea_Spain_Med!$B:$B, ">="&DATE(2013,1,1), P_violacea_Spain_Med!$B:$B, "<"&DATE(2014,1,1), P_violacea_Spain_Med!$F:$F, "Granada") -> 0 | M11: =SUMIFS(P_violacea_Spain_Med!$J:$J, P_violacea_Spain_Med!$B:$B, ">="&DATE(2013,1,1), P_violacea_Spain_Med!$B:$B, "<"&DATE(2014,1,1), P_violacea_Spain_Med!$F:$F, "Málaga") -> 0 | N11: =SUMIFS(P_violacea_Spain_Med!$J:$J, P_violacea_Spain_Med!$B:$B, ">="&DATE(2013,1,1), P_violacea_Spain_Med!$B:$B, "<"&DATE(2014,1,1), P_violacea_Spain_Med!$F:$F, "Cádiz") -> 0 | O11: =SUM(K11:N11) -> 0 | P11: =SUMIFS(P_violacea_Spain_Med!$J:$J, P_violacea_Spain_Med!$B:$B, ">="&DATE(2013,1,1), P_violacea_Spain_Med!$B:$B, "<"&DATE(2014,1,1), P_violacea_Spain_Med!$F:$F, "Islas Baleares") -> 1 | Q11: =SUMIFS(P_violacea_Spain_Med!$J:$J, P_violacea_Spain_Med!$B:$B, ">="&DATE(2013,1,1), P_violacea_Spain_Med!$B:$B, "<"&DATE(2014,1,1), P_violacea_Spain_Med!$F:$F, "Ceuta") -> 0 | R11: =SUMIFS(P_violacea_Spain_Med!$J:$J, P_violacea_Spain_Med!$B:$B, ">="&DATE(2013,1,1), P_violacea_Spain_Med!$B:$B, "<"&DATE(2014,1,1), P_violacea_Spain_Med!$F:$F, "Melilla") -> 0 | S11: =SUMIFS(P_violacea_Spain_Med!$J:$J, P_violacea_Spain_Med!$B:$B, ">="&DATE(2013,1,1), P_violacea_Spain_Med!$B:$B, "<"&DATE(2014,1,1), P_violacea_Spain_Med!$F:$F, "nd") -> 0 | T11: =SUM(E11+I11+J11+O11+P11+Q11+R11+S11) -> 9
A12: 2014 | B12: =SUMIFS(P_violacea_Spain_Med!$J:$J, P_violacea_Spain_Med!$B:$B, ">="&DATE(2014,1,1), P_violacea_Spain_Med!$B:$B, "<"&DATE(2015,1,1), P_violacea_Spain_Med!$F:$F, "Girona") -> 0 | C12: =SUMIFS(P_violacea_Spain_Med!$J:$J, P_violacea_Spain_Med!$B:$B, ">="&DATE(2014,1,1), P_violacea_Spain_Med!$B:$B, "<"&DATE(2015,1,1), P_violacea_Spain_Med!$F:$F, "Barcelona") -> 0 | D12: =SUMIFS(P_violacea_Spain_Med!$J:$J, P_violacea_Spain_Med!$B:$B, ">="&DATE(2014,1,1), P_violacea_Spain_Med!$B:$B, "<"&DATE(2015,1,1), P_violacea_Spain_Med!$F:$F, "Tarragona") -> 0 | E12: =SUM(B12:D12) -> 0 | F12: =SUMIFS(P_violacea_Spain_Med!$J:$J, P_violacea_Spain_Med!$B:$B, ">="&DATE(2014,1,1), P_violacea_Spain_Med!$B:$B, "<"&DATE(2015,1,1), P_violacea_Spain_Med!$F:$F, "Castellón") -> 0 | G12: =SUMIFS(P_violacea_Spain_Med!$J:$J, P_violacea_Spain_Med!$B:$B, ">="&DATE(2014,1,1), P_violacea_Spain_Med!$B:$B, "<"&DATE(2015,1,1), P_violacea_Spain_Med!$F:$F, "Valencia") -> 0 | H12: =SUMIFS(P_violacea_Spain_Med!$J:$J, P_violacea_Spain_Med!$B:$B, ">="&DATE(2014,1,1), P_violacea_Spain_Med!$B:$B, "<"&DATE(2015,1,1), P_violacea_Spain_Med!$F:$F, "Alicante") -> 1 | I12: =SUM(F12:H12) -> 1 | J12: =SUMIFS(P_violacea_Spain_Med!$J:$J, P_violacea_Spain_Med!$B:$B, ">="&DATE(2014,1,1), P_violacea_Spain_Med!$B:$B, "<"&DATE(2015,1,1), P_violacea_Spain_Med!$F:$F, "Región de Murcia") -> 0 | K12: =SUMIFS(P_violacea_Spain_Med!$J:$J, P_violacea_Spain_Med!$B:$B, ">="&DATE(2014,1,1), P_violacea_Spain_Med!$B:$B, "<"&DATE(2015,1,1), P_violacea_Spain_Med!$F:$F, "Almería") -> 0 | L12: =SUMIFS(P_violacea_Spain_Med!$J:$J, P_violacea_Spain_Med!$B:$B, ">="&DATE(2014,1,1), P_violacea_Spain_Med!$B:$B, "<"&DATE(2015,1,1), P_violacea_Spain_Med!$F:$F, "Granada") -> 0 | M12: =SUMIFS(P_violacea_Spain_Med!$J:$J, P_violacea_Spain_Med!$B:$B, ">="&DATE(2014,1,1), P_violacea_Spain_Med!$B:$B, "<"&DATE(2015,1,1), P_violacea_Spain_Med!$F:$F, "Málaga") -> 0 | N12: =SUMIFS(P_violacea_Spain_Med!$J:$J, P_violacea_Spain_Med!$B:$B, ">="&DATE(2014,1,1), P_violacea_Spain_Med!$B:$B, "<"&DATE(2015,1,1), P_violacea_Spain_Med!$F:$F, "Cádiz") -> 0 | O12: =SUM(K12:N12) -> 0 | P12: =SUMIFS(P_violacea_Spain_Med!$J:$J, P_violacea_Spain_Med!$B:$B, ">="&DATE(2014,1,1), P_violacea_Spain_Med!$B:$B, "<"&DATE(2015,1,1), P_violacea_Spain_Med!$F:$F, "Islas Baleares") -> 0 | Q12: =SUMIFS(P_violacea_Spain_Med!$J:$J, P_violacea_Spain_Med!$B:$B, ">="&DATE(2014,1,1), P_violacea_Spain_Med!$B:$B, "<"&DATE(2015,1,1), P_violacea_Spain_Med!$F:$F, "Ceuta") -> 0 | R12: =SUMIFS(P_violacea_Spain_Med!$J:$J, P_violacea_Spain_Med!$B:$B, ">="&DATE(2014,1,1), P_violacea_Spain_Med!$B:$B, "<"&DATE(2015,1,1), P_violacea_Spain_Med!$F:$F, "Melilla") -> 0 | S12: =SUMIFS(P_violacea_Spain_Med!$J:$J, P_violacea_Spain_Med!$B:$B, ">="&DATE(2014,1,1), P_violacea_Spain_Med!$B:$B, "<"&DATE(2015,1,1), P_violacea_Spain_Med!$F:$F, "nd") -> 0 | T12: =SUM(E12+I12+J12+O12+P12+Q12+R12+S12) -> 1
A13: 2015 | B13: =SUMIFS(P_violacea_Spain_Med!$J:$J, P_violacea_Spain_Med!$B:$B, ">="&DATE(2015,1,1), P_violacea_Spain_Med!$B:$B, "<"&DATE(2016,1,1), P_violacea_Spain_Med!$F:$F, "Girona") -> 0 | C13: =SUMIFS(P_violacea_Spain_Med!$J:$J, P_violacea_Spain_Med!$B:$B, ">="&DATE(2015,1,1), P_violacea_Spain_Med!$B:$B, "<"&DATE(2016,1,1), P_violacea_Spain_Med!$F:$F, "Barcelona") -> 0 | D13: =SUMIFS(P_violacea_Spain_Med!$J:$J, P_violacea_Spain_Med!$B:$B, ">="&DATE(2015,1,1), P_violacea_Spain_Med!$B:$B, "<"&DATE(2016,1,1), P_violacea_Spain_Med!$F:$F, "Tarragona") -> 0 | E13: =SUM(B13:D13) -> 0 | F13: =SUMIFS(P_violacea_Spain_Med!$J:$J, P_violacea_Spain_Med!$B:$B, ">="&DATE(2015,1,1), P_violacea_Spain_Med!$B:$B, "<"&DATE(2016,1,1), P_violacea_Spain_Med!$F:$F, "Castellón") -> 0 | G13: =SUMIFS(P_violacea_Spain_Med!$J:$J, P_violacea_Spain_Med!$B:$B, ">="&DATE(2015,1,1), P_violacea_Spain_Med!$B:$B, "<"&DATE(2016,1,1), P_violacea_Spain_Med!$F:$F, "Valencia") -> 0 | H13: =SUMIFS(P_violacea_Spain_Med!$J:$J, P_violacea_Spain_Med!$B:$B, ">="&DATE(2015,1,1), P_violacea_Spain_Med!$B:$B, "<"&DATE(2016,1,1), P_violacea_Spain_Med!$F:$F, "Alicante") -> 1 | I13: =SUM(F13:H13) -> 1 | J13: =SUMIFS(P_violacea_Spain_Med!$J:$J, P_violacea_Spain_Med!$B:$B, ">="&DATE(2015,1,1), P_violacea_Spain_Med!$B:$B, "<"&DATE(2016,1,1), P_violacea_Spain_Med!$F:$F, "Región de Murcia") -> 0 | K13: =SUMIFS(P_violacea_Spain_Med!$J:$J, P_violacea_Spain_Med!$B:$B, ">="&DATE(2015,1,1), P_violacea_Spain_Med!$B:$B, "<"&DATE(2016,1,1), P_violacea_Spain_Med!$F:$F, "Almería") -> 1 | L13: =SUMIFS(P_violacea_Spain_Med!$J:$J, P_violacea_Spain_Med!$B:$B, ">="&DATE(2015,1,1), P_violacea_Spain_Med!$B:$B, "<"&DATE(2016,1,1), P_violacea_Spain_Med!$F:$F, "Granada") -> 0 | M13: =SUMIFS(P_violacea_Spain_Med!$J:$J, P_violacea_Spain_Med!$B:$B, ">="&DATE(2015,1,1), P_violacea_Spain_Med!$B:$B, "<"&DATE(2016,1,1), P_violacea_Spain_Med!$F:$F, "Málaga") -> 0 | N13: =SUMIFS(P_violacea_Spain_Med!$J:$J, P_violacea_Spain_Med!$B:$B, ">="&DATE(2015,1,1), P_violacea_Spain_Med!$B:$B, "<"&DATE(2016,1,1), P_violacea_Spain_Med!$F:$F, "Cádiz") -> 0 | O13: =SUM(K13:N13) -> 1 | P13: =SUMIFS(P_violacea_Spain_Med!$J:$J, P_violacea_Spain_Med!$B:$B, ">="&DATE(2015,1,1), P_violacea_Spain_Med!$B:$B, "<"&DATE(2016,1,1), P_violacea_Spain_Med!$F:$F, "Islas Baleares") -> 0 | Q13: =SUMIFS(P_violacea_Spain_Med!$J:$J, P_violacea_Spain_Med!$B:$B, ">="&DATE(2015,1,1), P_violacea_Spain_Med!$B:$B, "<"&DATE(2016,1,1), P_violacea_Spain_Med!$F:$F, "Ceuta") -> 0 | R13: =SUMIFS(P_violacea_Spain_Med!$J:$J, P_violacea_Spain_Med!$B:$B, ">="&DATE(2015,1,1), P_violacea_Spain_Med!$B:$B, "<"&DATE(2016,1,1), P_violacea_Spain_Med!$F:$F, "Melilla") -> 0 | S13: =SUMIFS(P_violacea_Spain_Med!$J:$J, P_violacea_Spain_Med!$B:$B, ">="&DATE(2015,1,1), P_violacea_Spain_Med!$B:$B, "<"&DATE(2016,1,1), P_violacea_Spain_Med!$F:$F, "nd") -> 0 | T13: =SUM(E13+I13+J13+O13+P13+Q13+R13+S13) -> 2
A14: 2016 | B14: =SUMIFS(P_violacea_Spain_Med!$J:$J, P_violacea_Spain_Med!$B:$B, ">="&DATE(2016,1,1), P_violacea_Spain_Med!$B:$B, "<"&DATE(2017,1,1), P_violacea_Spain_Med!$F:$F, "Girona") -> 1 | C14: =SUMIFS(P_violacea_Spain_Med!$J:$J, P_violacea_Spain_Med!$B:$B, ">="&DATE(2016,1,1), P_violacea_Spain_Med!$B:$B, "<"&DATE(2017,1,1), P_violacea_Spain_Med!$F:$F, "Barcelona") -> 2 | D14: =SUMIFS(P_violacea_Spain_Med!$J:$J, P_violacea_Spain_Med!$B:$B, ">="&DATE(2016,1,1), P_violacea_Spain_Med!$B:$B, "<"&DATE(2017,1,1), P_violacea_Spain_Med!$F:$F, "Tarragona") -> 0 | E14: =SUM(B14:D14) -> 3 | F14: =SUMIFS(P_violacea_Spain_Med!$J:$J, P_violacea_Spain_Med!$B:$B, ">="&DATE(2016,1,1), P_violacea_Spain_Med!$B:$B, "<"&DATE(2017,1,1), P_violacea_Spain_Med!$F:$F, "Castellón") -> 1 | G14: =SUMIFS(P_violacea_Spain_Med!$J:$J, P_violacea_Spain_Med!$B:$B, ">="&DATE(2016,1,1), P_violacea_Spain_Med!$B:$B, "<"&DATE(2017,1,1), P_violacea_Spain_Med!$F:$F, "Valencia") -> 0 | H14: =SUMIFS(P_violacea_Spain_Med!$J:$J, P_violacea_Spain_Med!$B:$B, ">="&DATE(2016,1,1), P_violacea_Spain_Med!$B:$B, "<"&DATE(2017,1,1), P_violacea_Spain_Med!$F:$F, "Alicante") -> 3 | I14: =SUM(F14:H14) -> 4 | J14: =SUMIFS(P_violacea_Spain_Med!$J:$J, P_violacea_Spain_Med!$B:$B, ">="&DATE(2016,1,1), P_violacea_Spain_Med!$B:$B, "<"&DATE(2017,1,1), P_violacea_Spain_Med!$F:$F, "Región de Murcia") -> 0 | K14: =SUMIFS(P_violacea_Spain_Med!$J:$J, P_violacea_Spain_Med!$B:$B, ">="&DATE(2016,1,1), P_violacea_Spain_Med!$B:$B, "<"&DATE(2017,1,1), P_violacea_Spain_Med!$F:$F, "Almería") -> 2 | L14: =SUMIFS(P_violacea_Spain_Med!$J:$J, P_violacea_Spain_Med!$B:$B, ">="&DATE(2016,1,1), P_violacea_Spain_Med!$B:$B, "<"&DATE(2017,1,1), P_violacea_Spain_Med!$F:$F, "Granada") -> 3 | M14: =SUMIFS(P_violacea_Spain_Med!$J:$J, P_violacea_Spain_Med!$B:$B, ">="&DATE(2016,1,1), P_violacea_Spain_Med!$B:$B, "<"&DATE(2017,1,1), P_violacea_Spain_Med!$F:$F, "Málaga") -> 0 | N14: =SUMIFS(P_violacea_Spain_Med!$J:$J, P_violacea_Spain_Med!$B:$B, ">="&DATE(2016,1,1), P_violacea_Spain_Med!$B:$B, "<"&DATE(2017,1,1), P_violacea_Spain_Med!$F:$F, "Cádiz") -> 0 | O14: =SUM(K14:N14) -> 5 | P14: =SUMIFS(P_violacea_Spain_Med!$J:$J, P_violacea_Spain_Med!$B:$B, ">="&DATE(2016,1,1), P_violacea_Spain_Med!$B:$B, "<"&DATE(2017,1,1), P_violacea_Spain_Med!$F:$F, "Islas Baleares") -> 4 | Q14: =SUMIFS(P_violacea_Spain_Med!$J:$J, P_violacea_Spain_Med!$B:$B, ">="&DATE(2016,1,1), P_violacea_Spain_Med!$B:$B, "<"&DATE(2017,1,1), P_violacea_Spain_Med!$F:$F, "Ceuta") -> 0 | R14: =SUMIFS(P_violacea_Spain_Med!$J:$J, P_violacea_Spain_Med!$B:$B, ">="&DATE(2016,1,1), P_violacea_Spain_Med!$B:$B, "<"&DATE(2017,1,1), P_violacea_Spain_Med!$F:$F, "Melilla") -> 0 | S14: =SUMIFS(P_violacea_Spain_Med!$J:$J, P_violacea_Spain_Med!$B:$B, ">="&DATE(2016,1,1), P_violacea_Spain_Med!$B:$B, "<"&DATE(2017,1,1), P_violacea_Spain_Med!$F:$F, "nd") -> 0 | T14: =SUM(E14+I14+J14+O14+P14+Q14+R14+S14) -> 16
A15: 2017 | B15: =SUMIFS(P_violacea_Spain_Med!$J:$J, P_violacea_Spain_Med!$B:$B, ">="&DATE(2017,1,1), P_violacea_Spain_Med!$B:$B, "<"&DATE(2018,1,1), P_violacea_Spain_Med!$F:$F, "Girona") -> 1 | C15: =SUMIFS(P_violacea_Spain_Med!$J:$J, P_violacea_Spain_Med!$B:$B, ">="&DATE(2017,1,1), P_violacea_Spain_Med!$B:$B, "<"&DATE(2018,1,1), P_violacea_Spain_Med!$F:$F, "Barcelona") -> 2 | D15: =SUMIFS(P_violacea_Spain_Med!$J:$J, P_violacea_Spain_Med!$B:$B, ">="&DATE(2017,1,1), P_violacea_Spain_Med!$B:$B, "<"&DATE(2018,1,1), P_violacea_Spain_Med!$F:$F, "Tarragona") -> 0 | E15: =SUM(B15:D15) -> 3 | F15: =SUMIFS(P_violacea_Spain_Med!$J:$J, P_violacea_Spain_Med!$B:$B, ">="&DATE(2017,1,1), P_violacea_Spain_Med!$B:$B, "<"&DATE(2018,1,1), P_violacea_Spain_Med!$F:$F, "Castellón") -> 0 | G15: =SUMIFS(P_violacea_Spain_Med!$J:$J, P_violacea_Spain_Med!$B:$B, ">="&DATE(2017,1,1), P_violacea_Spain_Med!$B:$B, "<"&DATE(2018,1,1), P_violacea_Spain_Med!$F:$F, "Valencia") -> 1 | H15: =SUMIFS(P_violacea_Spain_Med!$J:$J, P_violacea_Spain_Med!$B:$B, ">="&DATE(2017,1,1), P_violacea_Spain_Med!$B:$B, "<"&DATE(2018,1,1), P_violacea_Spain_Med!$F:$F, "Alicante") -> 0 | I15: =SUM(F15:H15) -> 1 | J15: =SUMIFS(P_violacea_Spain_Med!$J:$J, P_violacea_Spain_Med!$B:$B, ">="&DATE(2017,1,1), P_violacea_Spain_Med!$B:$B, "<"&DATE(2018,1,1), P_violacea_Spain_Med!$F:$F, "Región de Murcia") -> 0 | K15: =SUMIFS(P_violacea_Spain_Med!$J:$J, P_violacea_Spain_Med!$B:$B, ">="&DATE(2017,1,1), P_violacea_Spain_Med!$B:$B, "<"&DATE(2018,1,1), P_violacea_Spain_Med!$F:$F, "Almería") -> 0 | L15: =SUMIFS(P_violacea_Spain_Med!$J:$J, P_violacea_Spain_Med!$B:$B, ">="&DATE(2017,1,1), P_violacea_Spain_Med!$B:$B, "<"&DATE(2018,1,1), P_violacea_Spain_Med!$F:$F, "Granada") -> 0 | M15: =SUMIFS(P_violacea_Spain_Med!$J:$J, P_violacea_Spain_Med!$B:$B, ">="&DATE(2017,1,1), P_violacea_Spain_Med!$B:$B, "<"&DATE(2018,1,1), P_violacea_Spain_Med!$F:$F, "Málaga") -> 0 | N15: =SUMIFS(P_violacea_Spain_Med!$J:$J, P_violacea_Spain_Med!$B:$B, ">="&DATE(2017,1,1), P_violacea_Spain_Med!$B:$B, "<"&DATE(2018,1,1), P_violacea_Spain_Med!$F:$F, "Cádiz") -> 0 | O15: =SUM(K15:N15) -> 0 | P15: =SUMIFS(P_violacea_Spain_Med!$J:$J, P_violacea_Spain_Med!$B:$B, ">="&DATE(2017,1,1), P_violacea_Spain_Med!$B:$B, "<"&DATE(2018,1,1), P_violacea_Spain_Med!$F:$F, "Islas Baleares") -> 2 | Q15: =SUMIFS(P_violacea_Spain_Med!$J:$J, P_violacea_Spain_Med!$B:$B, ">="&DATE(2017,1,1), P_violacea_Spain_Med!$B:$B, "<"&DATE(2018,1,1), P_violacea_Spain_Med!$F:$F, "Ceuta") -> 0 | R15: =SUMIFS(P_violacea_Spain_Med!$J:$J, P_violacea_Spain_Med!$B:$B, ">="&DATE(2017,1,1), P_violacea_Spain_Med!$B:$B, "<"&DATE(2018,1,1), P_violacea_Spain_Med!$F:$F, "Melilla") -> 0 | S15: =SUMIFS(P_violacea_Spain_Med!$J:$J, P_violacea_Spain_Med!$B:$B, ">="&DATE(2017,1,1), P_violacea_Spain_Med!$B:$B, "<"&DATE(2018,1,1), P_violacea_Spain_Med!$F:$F, "nd") -> 0 | T15: =SUM(E15+I15+J15+O15+P15+Q15+R15+S15) -> 6
A16: 2018 | B16: =SUMIFS(P_violacea_Spain_Med!$J:$J, P_violacea_Spain_Med!$B:$B, ">="&DATE(2018,1,1), P_violacea_Spain_Med!$B:$B, "<"&DATE(2019,1,1), P_violacea_Spain_Med!$F:$F, "Girona") -> 35 | C16: =SUMIFS(P_violacea_Spain_Med!$J:$J, P_violacea_Spain_Med!$B:$B, ">="&DATE(2018,1,1), P_violacea_Spain_Med!$B:$B, "<"&DATE(2019,1,1), P_violacea_Spain_Med!$F:$F, "Barcelona") -> 15 | D16: =SUMIFS(P_violacea_Spain_Med!$J:$J, P_violacea_Spain_Med!$B:$B, ">="&DATE(2018,1,1), P_violacea_Spain_Med!$B:$B, "<"&DATE(2019,1,1), P_violacea_Spain_Med!$F:$F, "Tarragona") -> 60 | E16: =SUM(B16:D16) -> 110 | F16: =SUMIFS(P_violacea_Spain_Med!$J:$J, P_violacea_Spain_Med!$B:$B, ">="&DATE(2018,1,1), P_violacea_Spain_Med!$B:$B, "<"&DATE(2019,1,1), P_violacea_Spain_Med!$F:$F, "Castellón") -> 12 | G16: =SUMIFS(P_violacea_Spain_Med!$J:$J, P_violacea_Spain_Med!$B:$B, ">="&DATE(2018,1,1), P_violacea_Spain_Med!$B:$B, "<"&DATE(2019,1,1), P_violacea_Spain_Med!$F:$F, "Valencia") -> 0 | H16: =SUMIFS(P_violacea_Spain_Med!$J:$J, P_violacea_Spain_Med!$B:$B, ">="&DATE(2018,1,1), P_violacea_Spain_Med!$B:$B, "<"&DATE(2019,1,1), P_violacea_Spain_Med!$F:$F, "Alicante") -> 2 | I16: =SUM(F16:H16) -> 14 | J16: =SUMIFS(P_violacea_Spain_Med!$J:$J, P_violacea_Spain_Med!$B:$B, ">="&DATE(2018,1,1), P_violacea_Spain_Med!$B:$B, "<"&DATE(2019,1,1), P_violacea_Spain_Med!$F:$F, "Región de Murcia") -> 4 | K16: =SUMIFS(P_violacea_Spain_Med!$J:$J, P_violacea_Spain_Med!$B:$B, ">="&DATE(2018,1,1), P_violacea_Spain_Med!$B:$B, "<"&DATE(2019,1,1), P_violacea_Spain_Med!$F:$F, "Almería") -> 3 | L16: =SUMIFS(P_violacea_Spain_Med!$J:$J, P_violacea_Spain_Med!$B:$B, ">="&DATE(2018,1,1), P_violacea_Spain_Med!$B:$B, "<"&DATE(2019,1,1), P_violacea_Spain_Med!$F:$F, "Granada") -> 2 | M16: =SUMIFS(P_violacea_Spain_Med!$J:$J, P_violacea_Spain_Med!$B:$B, ">="&DATE(2018,1,1), P_violacea_Spain_Med!$B:$B, "<"&DATE(2019,1,1), P_violacea_Spain_Med!$F:$F, "Málaga") -> 0 | N16: =SUMIFS(P_violacea_Spain_Med!$J:$J, P_violacea_Spain_Med!$B:$B, ">="&DATE(2018,1,1), P_violacea_Spain_Med!$B:$B, "<"&DATE(2019,1,1), P_violacea_Spain_Med!$F:$F, "Cádiz") -> 0 | O16: =SUM(K16:N16) -> 5 | P16: =SUMIFS(P_violacea_Spain_Med!$J:$J, P_violacea_Spain_Med!$B:$B, ">="&DATE(2018,1,1), P_violacea_Spain_Med!$B:$B, "<"&DATE(2019,1,1), P_violacea_Spain_Med!$F:$F, "Islas Baleares") -> 6 | Q16: =SUMIFS(P_violacea_Spain_Med!$J:$J, P_violacea_Spain_Med!$B:$B, ">="&DATE(2018,1,1), P_violacea_Spain_Med!$B:$B, "<"&DATE(2019,1,1), P_violacea_Spain_Med!$F:$F, "Ceuta") -> 0 | R16: =SUMIFS(P_violacea_Spain_Med!$J:$J, P_violacea_Spain_Med!$B:$B, ">="&DATE(2018,1,1), P_violacea_Spain_Med!$B:$B, "<"&DATE(2019,1,1), P_violacea_Spain_Med!$F:$F, "Melilla") -> 0 | S16: =SUMIFS(P_violacea_Spain_Med!$J:$J, P_violacea_Spain_Med!$B:$B, ">="&DATE(2018,1,1), P_violacea_Spain_Med!$B:$B, "<"&DATE(2019,1,1), P_violacea_Spain_Med!$F:$F, "nd") -> 1 | T16: =SUM(E16+I16+J16+O16+P16+Q16+R16+S16) -> 140
A17: 2019 | B17: =SUMIFS(P_violacea_Spain_Med!$J:$J, P_violacea_Spain_Med!$B:$B, ">="&DATE(2019,1,1), P_violacea_Spain_Med!$B:$B, "<"&DATE(2020,1,1), P_violacea_Spain_Med!$F:$F, "Girona") -> 0 | C17: =SUMIFS(P_violacea_Spain_Med!$J:$J, P_violacea_Spain_Med!$B:$B, ">="&DATE(2019,1,1), P_violacea_Spain_Med!$B:$B, "<"&DATE(2020,1,1), P_violacea_Spain_Med!$F:$F, "Barcelona") -> 1 | D17: =SUMIFS(P_violacea_Spain_Med!$J:$J, P_violacea_Spain_Med!$B:$B, ">="&DATE(2019,1,1), P_violacea_Spain_Med!$B:$B, "<"&DATE(2020,1,1), P_violacea_Spain_Med!$F:$F, "Tarragona") -> 0 | E17: =SUM(B17:D17) -> 1 | F17: =SUMIFS(P_violacea_Spain_Med!$J:$J, P_violacea_Spain_Med!$B:$B, ">="&DATE(2019,1,1), P_violacea_Spain_Med!$B:$B, "<"&DATE(2020,1,1), P_violacea_Spain_Med!$F:$F, "Castellón") -> 1 | G17: =SUMIFS(P_violacea_Spain_Med!$J:$J, P_violacea_Spain_Med!$B:$B, ">="&DATE(2019,1,1), P_violacea_Spain_Med!$B:$B, "<"&DATE(2020,1,1), P_violacea_Spain_Med!$F:$F, "Valencia") -> 1 | H17: =SUMIFS(P_violacea_Spain_Med!$J:$J, P_violacea_Spain_Med!$B:$B, ">="&DATE(2019,1,1), P_violacea_Spain_Med!$B:$B, "<"&DATE(2020,1,1), P_violacea_Spain_Med!$F:$F, "Alicante") -> 1 | I17: =SUM(F17:H17) -> 3 | J17: =SUMIFS(P_violacea_Spain_Med!$J:$J, P_violacea_Spain_Med!$B:$B, ">="&DATE(2019,1,1), P_violacea_Spain_Med!$B:$B, "<"&DATE(2020,1,1), P_violacea_Spain_Med!$F:$F, "Región de Murcia") -> 5 | K17: =SUMIFS(P_violacea_Spain_Med!$J:$J, P_violacea_Spain_Med!$B:$B, ">="&DATE(2019,1,1), P_violacea_Spain_Med!$B:$B, "<"&DATE(2020,1,1), P_violacea_Spain_Med!$F:$F, "Almería") -> 1 | L17: =SUMIFS(P_violacea_Spain_Med!$J:$J, P_violacea_Spain_Med!$B:$B, ">="&DATE(2019,1,1), P_violacea_Spain_Med!$B:$B, "<"&DATE(2020,1,1), P_violacea_Spain_Med!$F:$F, "Granada") -> 1 | M17: =SUMIFS(P_violacea_Spain_Med!$J:$J, P_violacea_Spain_Med!$B:$B, ">="&DATE(2019,1,1), P_violacea_Spain_Med!$B:$B, "<"&DATE(2020,1,1), P_violacea_Spain_Med!$F:$F, "Málaga") -> 1 | N17: =SUMIFS(P_violacea_Spain_Med!$J:$J, P_violacea_Spain_Med!$B:$B, ">="&DATE(2019,1,1), P_violacea_Spain_Med!$B:$B, "<"&DATE(2020,1,1), P_violacea_Spain_Med!$F:$F, "Cádiz") -> 0 | O17: =SUM(K17:N17) -> 3 | P17: =SUMIFS(P_violacea_Spain_Med!$J:$J, P_violacea_Spain_Med!$B:$B, ">="&DATE(2019,1,1), P_violacea_Spain_Med!$B:$B, "<"&DATE(2020,1,1), P_violacea_Spain_Med!$F:$F, "Islas Baleares") -> 2 | Q17: =SUMIFS(P_violacea_Spain_Med!$J:$J, P_violacea_Spain_Med!$B:$B, ">="&DATE(2019,1,1), P_violacea_Spain_Med!$B:$B, "<"&DATE(2020,1,1), P_violacea_Spain_Med!$F:$F, "Ceuta") -> 0 | R17: =SUMIFS(P_violacea_Spain_Med!$J:$J, P_violacea_Spain_Med!$B:$B, ">="&DATE(2019,1,1), P_violacea_Spain_Med!$B:$B, "<"&DATE(2020,1,1), P_violacea_Spain_Med!$F:$F, "Melilla") -> 0 | S17: =SUMIFS(P_violacea_Spain_Med!$J:$J, P_violacea_Spain_Med!$B:$B, ">="&DATE(2019,1,1), P_violacea_Spain_Med!$B:$B, "<"&DATE(2020,1,1), P_violacea_Spain_Med!$F:$F, "nd") -> 0 | T17: =SUM(E17+I17+J17+O17+P17+Q17+R17+S17) -> 14
A18: 2020 | B18: =SUMIFS(P_violacea_Spain_Med!$J:$J, P_violacea_Spain_Med!$B:$B, ">="&DATE(2020,1,1), P_violacea_Spain_Med!$B:$B, "<"&DATE(2021,1,1), P_violacea_Spain_Med!$F:$F, "Girona") -> 3 | C18: =SUMIFS(P_violacea_Spain_Med!$J:$J, P_violacea_Spain_Med!$B:$B, ">="&DATE(2020,1,1), P_violacea_Spain_Med!$B:$B, "<"&DATE(2021,1,1), P_violacea_Spain_Med!$F:$F, "Barcelona") -> 0 | D18: =SUMIFS(P_violacea_Spain_Med!$J:$J, P_violacea_Spain_Med!$B:$B, ">="&DATE(2020,1,1), P_violacea_Spain_Med!$B:$B, "<"&DATE(2021,1,1), P_violacea_Spain_Med!$F:$F, "Tarragona") -> 1 | E18: =SUM(B18:D18) -> 4 | F18: =SUMIFS(P_violacea_Spain_Med!$J:$J, P_violacea_Spain_Med!$B:$B, ">="&DATE(2020,1,1), P_violacea_Spain_Med!$B:$B, "<"&DATE(2021,1,1), P_violacea_Spain_Med!$F:$F, "Castellón") -> 4 | G18: =SUMIFS(P_violacea_Spain_Med!$J:$J, P_violacea_Spain_Med!$B:$B, ">="&DATE(2020,1,1), P_violacea_Spain_Med!$B:$B, "<"&DATE(2021,1,1), P_violacea_Spain_Med!$F:$F, "Valencia") -> 0 | H18: =SUMIFS(P_violacea_Spain_Med!$J:$J, P_violacea_Spain_Med!$B:$B, ">="&DATE(2020,1,1), P_violacea_Spain_Med!$B:$B, "<"&DATE(2021,1,1), P_violacea_Spain_Med!$F:$F, "Alicante") -> 21 | I18: =SUM(F18:H18) -> 25 | J18: =SUMIFS(P_violacea_Spain_Med!$J:$J, P_violacea_Spain_Med!$B:$B, ">="&DATE(2020,1,1), P_violacea_Spain_Med!$B:$B, "<"&DATE(2021,1,1), P_violacea_Spain_Med!$F:$F, "Región de Murcia") -> 33 | K18: =SUMIFS(P_violacea_Spain_Med!$J:$J, P_violacea_Spain_Med!$B:$B, ">="&DATE(2020,1,1), P_violacea_Spain_Med!$B:$B, "<"&DATE(2021,1,1), P_violacea_Spain_Med!$F:$F, "Almería") -> 4 | L18: =SUMIFS(P_violacea_Spain_Med!$J:$J, P_violacea_Spain_Med!$B:$B, ">="&DATE(2020,1,1), P_violacea_Spain_Med!$B:$B, "<"&DATE(2021,1,1), P_violacea_Spain_Med!$F:$F, "Granada") -> 6 | M18: =SUMIFS(P_violacea_Spain_Med!$J:$J, P_violacea_Spain_Med!$B:$B, ">="&DATE(2020,1,1), P_violacea_Spain_Med!$B:$B, "<"&DATE(2021,1,1), P_violacea_Spain_Med!$F:$F, "Málaga") -> 2 | N18: =SUMIFS(P_violacea_Spain_Med!$J:$J, P_violacea_Spain_Med!$B:$B, ">="&DATE(2020,1,1), P_violacea_Spain_Med!$B:$B, "<"&DATE(2021,1,1), P_violacea_Spain_Med!$F:$F, "Cádiz") -> 0 | O18: =SUM(K18:N18) -> 12 | P18: =SUMIFS(P_violacea_Spain_Med!$J:$J, P_violacea_Spain_Med!$B:$B, ">="&DATE(2020,1,1), P_violacea_Spain_Med!$B:$B, "<"&DATE(2021,1,1), P_violacea_Spain_Med!$F:$F, "Islas Baleares") -> 2 | Q18: =SUMIFS(P_violacea_Spain_Med!$J:$J, P_violacea_Spain_Med!$B:$B, ">="&DATE(2020,1,1), P_violacea_Spain_Med!$B:$B, "<"&DATE(2021,1,1), P_violacea_Spain_Med!$F:$F, "Ceuta") -> 1 | R18: =SUMIFS(P_violacea_Spain_Med!$J:$J, P_violacea_Spain_Med!$B:$B, ">="&DATE(2020,1,1), P_violacea_Spain_Med!$B:$B, "<"&DATE(2021,1,1), P_violacea_Spain_Med!$F:$F, "Melilla") -> 0 | S18: =SUMIFS(P_violacea_Spain_Med!$J:$J, P_violacea_Spain_Med!$B:$B, ">="&DATE(2020,1,1), P_violacea_Spain_Med!$B:$B, "<"&DATE(2021,1,1), P_violacea_Spain_Med!$F:$F, "nd") -> 0 | T18: =SUM(E18+I18+J18+O18+P18+Q18+R18+S18) -> 77
A19: 2021 | B19: =SUMIFS(P_violacea_Spain_Med!$J:$J, P_violacea_Spain_Med!$B:$B, ">="&DATE(2021,1,1), P_violacea_Spain_Med!$B:$B, "<"&DATE(2022,1,1), P_violacea_Spain_Med!$F:$F, "Girona") -> 1 | C19: =SUMIFS(P_violacea_Spain_Med!$J:$J, P_violacea_Spain_Med!$B:$B, ">="&DATE(2021,1,1), P_violacea_Spain_Med!$B:$B, "<"&DATE(2022,1,1), P_violacea_Spain_Med!$F:$F, "Barcelona") -> 0 | D19: =SUMIFS(P_violacea_Spain_Med!$J:$J, P_violacea_Spain_Med!$B:$B, ">="&DATE(2021,1,1), P_violacea_Spain_Med!$B:$B, "<"&DATE(2022,1,1), P_violacea_Spain_Med!$F:$F, "Tarragona") -> 0 | E19: =SUM(B19:D19) -> 1 | F19: =SUMIFS(P_violacea_Spain_Med!$J:$J, P_violacea_Spain_Med!$B:$B, ">="&DATE(2021,1,1), P_violacea_Spain_Med!$B:$B, "<"&DATE(2022,1,1), P_violacea_Spain_Med!$F:$F, "Castellón") -> 9 | G19: =SUMIFS(P_violacea_Spain_Med!$J:$J, P_violacea_Spain_Med!$B:$B, ">="&DATE(2021,1,1), P_violacea_Spain_Med!$B:$B, "<"&DATE(2022,1,1), P_violacea_Spain_Med!$F:$F, "Valencia") -> 0 | H19: =SUMIFS(P_violacea_Spain_Med!$J:$J, P_violacea_Spain_Med!$B:$B, ">="&DATE(2021,1,1), P_violacea_Spain_Med!$B:$B, "<"&DATE(2022,1,1), P_violacea_Spain_Med!$F:$F, "Alicante") -> 1 | I19: =SUM(F19:H19) -> 10 | J19: =SUMIFS(P_violacea_Spain_Med!$J:$J, P_violacea_Spain_Med!$B:$B, ">="&DATE(2021,1,1), P_violacea_Spain_Med!$B:$B, "<"&DATE(2022,1,1), P_violacea_Spain_Med!$F:$F, "Región de Murcia") -> 0 | K19: =SUMIFS(P_violacea_Spain_Med!$J:$J, P_violacea_Spain_Med!$B:$B, ">="&DATE(2021,1,1), P_violacea_Spain_Med!$B:$B, "<"&DATE(2022,1,1), P_violacea_Spain_Med!$F:$F, "Almería") -> 0 | L19: =SUMIFS(P_violacea_Spain_Med!$J:$J, P_violacea_Spain_Med!$B:$B, ">="&DATE(2021,1,1), P_violacea_Spain_Med!$B:$B, "<"&DATE(2022,1,1), P_violacea_Spain_Med!$F:$F, "Granada") -> 0 | M19: =SUMIFS(P_violacea_Spain_Med!$J:$J, P_violacea_Spain_Med!$B:$B, ">="&DATE(2021,1,1), P_violacea_Spain_Med!$B:$B, "<"&DATE(2022,1,1), P_violacea_Spain_Med!$F:$F, "Málaga") -> 0 | N19: =SUMIFS(P_violacea_Spain_Med!$J:$J, P_violacea_Spain_Med!$B:$B, ">="&DATE(2021,1,1), P_violacea_Spain_Med!$B:$B, "<"&DATE(2022,1,1), P_violacea_Spain_Med!$F:$F, "Cádiz") -> 0 | O19: =SUM(K19:N19) -> 0 | P19: =SUMIFS(P_violacea_Spain_Med!$J:$J, P_violacea_Spain_Med!$B:$B, ">="&DATE(2021,1,1), P_violacea_Spain_Med!$B:$B, "<"&DATE(2022,1,1), P_violacea_Spain_Med!$F:$F, "Islas Baleares") -> 5 | Q19: =SUMIFS(P_violacea_Spain_Med!$J:$J, P_violacea_Spain_Med!$B:$B, ">="&DATE(2021,1,1), P_violacea_Spain_Med!$B:$B, "<"&DATE(2022,1,1), P_violacea_Spain_Med!$F:$F, "Ceuta") -> 0 | R19: =SUMIFS(P_violacea_Spain_Med!$J:$J, P_violacea_Spain_Med!$B:$B, ">="&DATE(2021,1,1), P_violacea_Spain_Med!$B:$B, "<"&DATE(2022,1,1), P_violacea_Spain_Med!$F:$F, "Melilla") -> 0 | S19: =SUMIFS(P_violacea_Spain_Med!$J:$J, P_violacea_Spain_Med!$B:$B, ">="&DATE(2021,1,1), P_violacea_Spain_Med!$B:$B, "<"&DATE(2022,1,1), P_violacea_Spain_Med!$F:$F, "nd") -> 0 | T19: =SUM(E19+I19+J19+O19+P19+Q19+R19+S19) -> 16
